no,category,color,도로명전체주소,brand,상세영업상태명,소재지전체주소,영업상태명,openDate,closeDate,latitude,longitude
0,bakery,navy,"인천광역시 연수구 인천타워대로 323, 지상1층 디156호 (송도동, 송도센트로드상가)",앙그미,폐업,인천광역시 연수구 송도동 30-3번지 외1필지 송도센트로드 상가동 디156호 ,폐업,20150914,20170314,37.3994143,126.6297563
1,bakery,navy,"인천광역시 연수구 아트센터대로 203, 125호 (송도동, 송도센트럴파크푸르지오시티)",브레드(BREAD) 바띠,폐업,인천광역시 연수구 송도동 83번지 송도센트럴파크푸르지오시티 125호 ,폐업,20150921,20170718,37.4001714,126.6378289
2,bakery,navy,"인천광역시 연수구 송도국제대로 165 (송도동, 지하1층 홈플러스 매장내)",몽블랑제 인천송도점,영업,인천광역시 연수구 송도동 168-3번지 지하1층 홈플러스 매장내 ,운영중,20151012,,37.3803688,126.6558474
3,bakery,navy,"인천광역시 연수구 컨벤시아대로 116 (송도동, 송도푸르지오월드마크 7단지 123,124호)",외계인방앗간송도점,영업,"인천광역시 연수구 송도동 22-21번지 송도푸르지오월드마크 7단지 123,124호 ",운영중,20160205,,37.3932555,126.6462388
4,bakery,navy,"인천광역시 연수구 송도과학로27번길 55 (송도동, 롯데캐슬 캠퍼스타운 302동 D-115,116호)",파리바게뜨 송도캠퍼스타운점,영업,"인천광역시 연수구 송도동 149번지 롯데캐슬 캠퍼스타운 302동 D-115,116호 ",운영중,20160510,,37.3880544,126.6651321
5,bakery,navy,"인천광역시 연수구 센트럴로 160, 1층 142일부호 (송도동, 송도센트럴파크푸르지오판매시설동)",대왕카스테라,폐업,인천광역시 연수구 송도동 23-5번지 송도센트럴파크푸르지오판매시설동 142일부호 ,폐업,20161206,20170510,37.3943277,126.640779
6,bakery,navy,"인천광역시 연수구 송도과학로27번길 55 (송도동, 롯데캐슬 캠퍼스타운 302동 D-109호)",바켄베이커리,영업,인천광역시 연수구 송도동 149번지 롯데캐슬 캠퍼스타운 302동 D-109호 ,운영중,20160503,,37.3880544,126.6651321
7,bakery,navy,"인천광역시 연수구 송도국제대로 123, 지하1층 (송도동, 현대프리미엄아울렛)",대만락카스테라,폐업,인천광역시 연수구 송도동 168-1번지 현대프리미엄아울렛 지하1층 ,폐업,20161209,20170809,37.3848777,126.6587343
8,bakery,navy,"인천광역시 연수구 아트센터대로97번길 30, 상가동 101,102호 (송도동, 더샵그린워크1차)",뚜레쥬르 송도그린워크점,영업,"인천광역시 연수구 송도동 18-6번지 더샵그린워크1차 상가동 101,102호 ",운영중,20160707,,37.3987054,126.6402528
9,bakery,navy,"인천광역시 연수구 컨벤시아대로130번길 14, 지상1층 101,102호 (송도동, 송도플러스메디타워)",샹끄발레르,영업,"인천광역시 연수구 송도동 22-19번지 송도플러스메디타워 101호,102호 ",운영중,20150507,,37.3930369,126.6448037
10,bakery,navy,"인천광역시 연수구 컨벤시아대로 60 (송도동, 푸르지오월드마크 2단지 107호)",브레드마레,영업,인천광역시 연수구 송도동 20-23번지 푸르지오월드마크 2단지 107호 ,운영중,20151215,,37.3973377,126.6506942
11,bakery,navy,"인천광역시 연수구 해돋이로 107, D동 3호 (송도동, 더샵퍼스트월드)",피요니,폐업,인천광역시 연수구 송도동 4-1번지 더샵퍼스트월드 D동 3호,폐업,20151215,20160610,37.3909677,126.6502287
12,bakery,navy,"인천광역시 연수구 송도국제대로 123 (송도동, 현대프리미엄아울렛 지하1층)",콜리브리,폐업,인천광역시 연수구 송도동 168-1번지 현대프리미엄아울렛 지하1층 ,폐업,20160419,20170801,37.3848777,126.6587343
13,bakery,navy,"인천광역시 연수구 송도국제대로 123 (송도동, 현대프리미엄아울렛 지하1층)",레이어스파이,폐업,인천광역시 연수구 송도동 168-1번지 현대프리미엄아울렛 지하1층 ,폐업,20160419,20170801,37.3848777,126.6587343
14,bakery,navy,"인천광역시 연수구 신송로118번길 9, 106호 (송도동, 위드프리상뜨)",팡쥬르,영업,인천광역시 연수구 송도동 2-5번지 위드프리상뜨 106호 ,운영중,20170113,,37.3960865,126.6529414
15,bakery,navy,"인천광역시 연수구 해돋이로 161, 107,108,109,110호 (송도동, 세종프라자)",곤트란쉐리에,영업,"인천광역시 연수구 송도동 22-5번지 세종프라자 107,108,109,110호 ",운영중,20170223,,37.3909843,126.6508366
16,bakery,navy,"인천광역시 연수구 센트럴로 194 (송도동, 센트럴파크2 C동 105호)",콜리브리,영업,인천광역시 연수구 송도동 23-4번지 센트럴파크2 C동 105호 ,운영중,20160111,,37.3946302,126.6407177
17,bakery,navy,"인천광역시 연수구 송도국제대로 123 (송도동, 현대프리미엄아울렛 지상2층)",마호가니 by 도레도레현대송도아울렛점,영업,인천광역시 연수구 송도동 168-1번지 현대프리미엄아울렛 지상2층 ,운영중,20160421,,37.3814788,126.6571749
18,bakery,navy,"인천광역시 연수구 송도국제대로 123 (송도동, 현대프리미엄아울렛 지하1층)",쁘띠렌,영업,인천광역시 연수구 송도동 168-1번지 현대프리미엄아울렛 지하1층 ,운영중,20160421,,37.3814788,126.6571749
19,bakery,navy,"인천광역시 연수구 송도국제대로 123 (송도동, 현대프리미엄아울렛 지하1층)",미고당,폐업,인천광역시 연수구 송도동 168-1번지 현대프리미엄아울렛 지하1층 ,폐업,20160418,20170801,37.3848777,126.6587343
20,bakery,navy,"인천광역시 연수구 송도국제대로 123 (송도동, 현대프리미엄아울렛 지하1층)",따순기미,영업,인천광역시 연수구 송도동 168-1번지 현대프리미엄아울렛 지하1층 ,운영중,20160418,,37.3848777,126.6587343
21,bakery,navy,"인천광역시 연수구 송도국제대로 123 (송도동, 현대프리미엄아울렛 지하1층)",그래인스,폐업,인천광역시 연수구 송도동 168-1번지 현대프리미엄아울렛 지하1층 ,폐업,20160418,20161209,37.3848777,126.6587343
22,bakery,navy,"인천광역시 연수구 송도국제대로 123 (송도동, 현대프리미엄아울렛 지하1층)",베이커스필드,폐업,인천광역시 연수구 송도동 168-1번지 현대프리미엄아울렛 지하1층 ,폐업,20160418,20170523,37.3848777,126.6587343
23,bakery,navy,"인천광역시 연수구 송도과학로27번길 55, 301동 (송도동, B-106호)",블럭베이커리,영업,인천광역시 연수구 송도동 149번지 B-106호 ,운영중,20161004,,37.3880544,126.6651321
24,bakery,navy,"인천광역시 연수구 해돋이로 168, 101호 (송도동, 혜인프라자)",잇브레드,폐업,인천광역시 연수구 송도동 21-13번지 혜인프라자 101호,폐업,20161227,20170403,37.3909843,126.6508366
25,bakery,navy,"인천광역시 연수구 신송로 170, 에이스프라자3차 지상1층 107호 (송도동)",파티세리 아브르(Patisserie Avr.),영업,인천광역시 연수구 송도동 20-12번지 에이스프라자3차 지상1층 107호,운영중,20171212,,37.3954874,126.6521599
26,bakery,navy,"인천광역시 연수구 센트럴로 123 (송도동, 송도컨벤시아 전시장 제1층)",(주)류재은베이커리,폐업,인천광역시 연수구 송도동 6-1번지 송도컨벤시아 전시장 제1층 ,폐업,20160405,20160415,37.3881259,126.6460025
27,bakery,navy,"인천광역시 연수구 송도국제대로 123 (송도동, 현대프리미엄아울렛 지하1층)",베즐리 송도아울렛,영업,인천광역시 연수구 송도동 168-1번지 현대프리미엄아울렛 지하1층 ,운영중,20160422,,37.3814788,126.6571749
28,bakery,navy,"인천광역시 연수구 송도국제대로 123 (송도동, 현대프리미엄아울렛 지하1층)",아이에프비(IFB),영업,인천광역시 연수구 송도동 168-1번지 현대프리미엄아울렛 지하1층 ,운영중,20160420,,37.3848777,126.6587343
29,bakery,navy,"인천광역시 연수구 송도국제대로 123 (송도동, 현대프리미엄아울렛 지하1층)",삼송빵집,영업,인천광역시 연수구 송도동 168-1번지 현대프리미엄아울렛 지하1층 ,운영중,20160420,,37.3848777,126.6587343
30,bakery,navy,"인천광역시 연수구 송도국제대로 123, 현대프리미엄 아울렛 송도점 지상2층 (송도동)",따순기미,영업,인천광역시 연수구 송도동 168-1번지 현대프리미엄 아울렛 송도점 지상2층일부 ,운영중,20171228,,37.3848777,126.6587343
31,bakery,navy,"인천광역시 연수구 컨벤시아대로42번길 8 (송도동, 코오롱더프라우1단지 102동 103호)",송도망개떡,영업,인천광역시 연수구 송도동 15-12번지 코오롱더프라우1단지 102동 103호 ,운영중,20150317,,37.39876,126.6521595
32,bakery,navy,"인천광역시 연수구 송도과학로 32 (송도동, 송도테크노파크A 103호 (103-1호))",줄리앙와플 송도1호점,영업,인천광역시 연수구 송도동 172-1번지 송도테크노파크A 103호 (103-1호) ,운영중,20160407,,37.3814779,126.6631831
33,bakery,navy,"인천광역시 연수구 컨벤시아대로230번길 60 (송도동, 지상1층 코스트코 )",코스트코 홀세일 베이커리,영업,인천광역시 연수구 송도동 98번지 지상1층 코스트코 ,운영중,20161202,,37.3902286,126.6333036
34,bakery,navy,"인천광역시 연수구 송도문화로28번길 28, 203동 1층 119호 (송도동, 송도글로벌캠퍼스 푸르지오)",송도망개떡,영업,인천광역시 연수구 송도동 190-2번지 송도글로벌캠퍼스 푸르지오 203동 119호,운영중,20161202,,37.3772435,126.6546055
35,bakery,navy,"인천광역시 연수구 아트센터대로 87, 401동 지상1층 140호 (송도동, 커넬워크 D4(winter) )",아메리칸케이크숍(American cake shop),영업,인천광역시 연수구 송도동 17-1번지 커넬워크 D4(winter) 401동 140호,운영중,20171016,,37.4023457,126.6401683
36,bakery,navy,"인천광역시 연수구 센트럴로 160 (송도동, 센트럴파크 푸르지오 판매시설동170,171,172,249호)",안스베이커리(송도점),영업,"인천광역시 연수구 송도동 23-5번지 센트럴파크 푸르지오 판매시설동170,171,172,249호 ",운영중,20151001,,37.3943277,126.640779
37,bakery,navy,"인천광역시 연수구 컨벤시아대로42번길 29, 109호 (송도동, 에이스프라자1)",단수이 대왕카스테라,폐업,인천광역시 연수구 송도동 20-1번지 에이스프라자1 109호 ,폐업,20161228,20170418,37.4016185,126.6433228
38,bakery,navy,"인천광역시 연수구 해돋이로120번길 16, 상가동 102호 (송도동, 송도풍림아이원A)",따호카스테라(송도점),폐업,인천광역시 연수구 송도동 3-10번지 송도풍림아이원A 상가동 102호,폐업,20161214,20170608,37.3933302,126.6519879
39,bakery,navy,"인천광역시 연수구 신송로125번길 7 (송도동,이리옴프라자 1동 110호(지상1층))",빚은,폐업,인천광역시 연수구 송도동 3-5번지 이리옴프라자 1동 110호(지상1층) ,폐업,20080115,20150420,37.3948805,126.6515593
40,bakery,navy,"인천광역시 연수구 송도과학로 32 (송도동, 송도테크노파크 IT센터 A동 101호)",베리머치 베이커리 카페,폐업,인천광역시 연수구 송도동 172-1번지 송도테크노파크 IT센터 A동 101호 ,폐업,20130823,20150817,37.3814779,126.6631831
41,bakery,navy,"인천광역시 연수구 해돋이로 107, H동 지상1층 33호 (송도동, 더�俟蚌뵈�월드)",빠나데로(panadero),폐업,인천광역시 연수구 송도동 4-1번지 더�俟蚌뵈�월드 H동 33호,폐업,20140207,20161108,37.3910848,126.6480396
42,bakery,navy,"인천광역시 연수구 센트럴로 194 (송도동, C동 108호)",앤티앤스,폐업,인천광역시 연수구 송도동 23-4번지 C동 108호 ,폐업,20130418,20150225,37.3946302,126.6407177
43,bakery,navy,"인천광역시 연수구 센트럴로 194, C동 1층 122,123호 (송도동, 더샵센트럴파크)",송도센트럴파크점 파리바게뜨,영업,"인천광역시 연수구 송도동 23-4번지 더샵센트럴파크 122,123호 C동 ",운영중,20130925,,37.3946302,126.6407177
44,bakery,navy,"인천광역시 연수구 하모니로36번길 17, B동 1층 103,106호 (송도동, 은하프라자)",자연드림 송도점,영업,"인천광역시 연수구 송도동 3-15번지 은하프라자 103,106호 B동 ",운영중,20131104,,37.392335,126.6498962
45,bakery,navy,"인천광역시 연수구 컨벤시아대로 177, 지상2층 (송도동, 롯데마트 송도점)",행운식품 롯데마트 송도점,폐업,인천광역시 연수구 송도동 6-11번지 롯데마트 송도점 지상2층 ,폐업,20131212,20141110,37.392921,126.646044
46,bakery,navy,"인천광역시 연수구 컨벤시아대로 177, 2층 (송도동, 롯데마트)",롯데제과 보네스빼 송도점,영업,인천광역시 연수구 송도동 6-11번지 롯데마트 ,운영중,20131213,,37.3882044,126.6433133
47,bakery,navy,"인천광역시 연수구 송도문화로28번길 28, 203동 지상1층 115호 (송도동, 글로벌캠퍼스푸르지오)",파리바게트 송도글로벌캠퍼스점,영업,인천광역시 연수구 송도동 190-2번지 글로벌캠퍼스푸르지오 203동 115호,운영중,20131224,,37.3772435,126.6546055
48,bakery,navy,인천광역시 연수구 해돋이로120번길 23 (송도동),이지바이(송도점),폐업,인천광역시 연수구 송도동 3-7번지 아크리아2 109호 ,폐업,20120210,20170619,37.3941422,126.6508158
49,bakery,navy,"인천광역시 연수구 아트센터대로97번길 15, 1107동 지하1층 (송도동, 더샵그린워크2차 B108호 일부)",따삐오베이커리,폐업,인천광역시 연수구 송도동 17-3번지 더샵그린워크2차 지하1층 B108호 일부 1107동 ,폐업,20141028,20170302,37.4016354,126.6433228
50,bakery,navy,"인천광역시 연수구 송도과학로51번길 136, 220동 지상1층 109호 (송도동, 송도캐슬앤해모로)",파리바게트(송도연대 해모로점),폐업,인천광역시 연수구 송도동 161-3번지 송도캐슬앤해모로 220동 109호,폐업,20140707,20160530,37.3844804,126.6748725
51,bakery,navy,"인천광역시 연수구 컨벤시아대로 116, 지상1층 117호 (송도동, 송도푸르지오월드마크7단지)",뉴욕베이글 앤 크림치즈(New York Bagel N' Cream Cheese),영업,인천광역시 연수구 송도동 22-21번지 송도푸르지오월드마크7단지 117호,운영중,20140327,,37.3932555,126.6462388
52,bakery,navy,"인천광역시 연수구 센트럴로 232 (송도동,A동 112호 지상1층)",뚜레쥬르(송도센트럴파크점),폐업,인천광역시 연수구 송도동 23-3번지 A동 112호 지상1층 ,폐업,20110523,20131101,37.396669,126.6377988
53,bakery,navy,"인천광역시 연수구 컨벤시아대로 60 (송도동,대우월드마크 2단지 157호,158호 지상1층)",뚜레쥬르 송도월드마크점,폐업,"인천광역시 연수구 송도동 20-23번지 대우월드마크 2단지 157호,158호 지상1층 ",폐업,20110420,20121101,37.3973377,126.6506942
54,bakery,navy,"인천광역시 연수구 해돋이로 107, 4D(H동)동 102호 (송도동, 더샵퍼스트월드)",따삐오 베이커리,폐업,인천광역시 연수구 송도동 4-1번지 더샵퍼스트월드 4D동(H동) 102호 ,폐업,20090623,20170302,37.3910848,126.6480396
55,bakery,navy,"인천광역시 연수구 송도문화로28번길 28, 203동 지상1층 119호 (송도동, 송도글로벌캠퍼스)",잇브레드(Eat Bread) 송도글로벌캠퍼스점,폐업,인천광역시 연수구 송도동 190-2번지 송도글로벌캠퍼스 203동 119호,폐업,20140428,20140527,37.3772435,126.6546055
56,bakery,navy,"인천광역시 연수구 컨벤시아대로 177, 지상2층 (송도동, 롯데마트 송도점)",보네스뻬 베이커리,폐업,인천광역시 연수구 송도동 6-11번지 롯데마트 송도점 지상2층 ,폐업,20140502,20160609,37.392921,126.646044
57,bakery,navy,"인천광역시 연수구 테크노파크로 193, 지상10층 (송도동, 송도센트럴파크호텔)",송도센트럴파크호텔(제과점),영업,인천광역시 연수구 송도동 38번지 송도센트럴파크호텔 지상10층 ,운영중,20140911,,37.387223,126.6438262
58,bakery,navy,"인천광역시 연수구 컨벤시아대로 60, 지상1층 119호 (송도동, 송도푸르지오월드마크2단지)",프랑세즈 단팥빵,영업,인천광역시 연수구 송도동 20-23번지 송도푸르지오월드마크2단지 119호,운영중,20140917,,37.3973377,126.6506942
59,bakery,navy,"인천광역시 연수구 센트럴로 194, 제B동 지상1층 110호 (송도동, 더샵센트럴파크2 )",도쿄팡야(송도점),영업,인천광역시 연수구 송도동 23-4번지 더샵센트럴파크2 제B동 110호,운영중,20140918,,37.3946302,126.6407177
60,bakery,navy,"인천광역시 연수구 센트럴로 232, A동 지상1층 106호 (송도동, 더샵센트럴파크1)",루파네,폐업,"인천광역시 연수구 송도동 23-3번지 더샵센트럴파크1, 지상1층 A동 106호",폐업,20141209,20161104,37.3968551,126.6376186
61,bakery,navy,"인천광역시 연수구 송도문화로28번길 28, 203동 지상1층 119호 (송도동, 송도글로벌캠퍼스)",잇브레드 송도글로벌캠퍼스점,폐업,"인천광역시 연수구 송도동 190-2번지 송도글로벌캠퍼스,지상1층 203동 119호",폐업,20140527,20151015,37.3772435,126.6546055
62,bakery,navy,"인천광역시 연수구 컨벤시아대로 69, 지상1층 127-1호 (송도동)",식빵이야기,영업,인천광역시 연수구 송도동 3-1번지 송도 밀레니엄 지상1층 127-1호,운영중,20171027,,37.3956611,126.6509535
63,bakery,navy,"인천광역시 연수구 송도국제대로 123 (송도동, 현대프리미엄 아울렛 송도점 지하1층 일부)",아리수 베이커리,영업,인천광역시 연수구 송도동 168-1번지 현대프리미엄 아울렛 송도점 지하1층 일부 ,운영중,20170801,,37.3814788,126.6571749
64,bakery,navy,"인천광역시 연수구 송도국제대로 123 (송도동, 현대프리미엄 아울렛 송도점 지하1층 일부)",빵정버거,영업,인천광역시 연수구 송도동 168-1번지 현대프리미엄 아울렛 송도점 지하1층 일부 ,운영중,20170801,,37.3848777,126.6587343
65,bakery,navy,"인천광역시 연수구 컨벤시아대로274번길 35 (송도동, 송도더샵마스터뷰 상가동지상 1층 4호)",파리바게뜨 송도마스터뷰점,영업,인천광역시 연수구 송도동 111번지 송도더샵마스터뷰 상가동지상 1층 4호 ,운영중,20150924,,37.3813301,126.6330297
66,cafe,purple,"인천광역시 연수구 센트럴로 160, 지상1층 182호 (송도동, 송도센트럴파크푸르지오 판매시설동 )",쥬씨 송도센트럴파크점,영업,인천광역시 연수구 송도동 23-5번지 송도센트럴파크푸르지오 판매시설동 182호 ,운영중,20151016,,37.3943277,126.640779
67,cafe,purple,"인천광역시 연수구 컨벤시아대로 69 (송도동, 밀레니엄빌딩 139호)",베이글카페,폐업,인천광역시 연수구 송도동 3-1번지 밀레니엄빌딩 139호 ,폐업,20151007,20161026,37.3956611,126.6509535
68,cafe,purple,"인천광역시 연수구 송도과학로27번길 55 (송도동, 롯데캐슬캠퍼스타운 302동 D-111호)",노블스위트카페,영업,인천광역시 연수구 송도동 149번지 롯데캐슬캠퍼스타운 302동 D-111호 ,운영중,20160511,,37.3880544,126.6651321
69,cafe,purple,"인천광역시 연수구 송도국제대로 123 (송도동, 현대프리미엄아울렛 지하1층)",(주)이코복스커피,폐업,인천광역시 연수구 송도동 168-1번지 현대프리미엄아울렛 지하1층 ,폐업,20160524,20170802,37.3848777,126.6587343
70,cafe,purple,"인천광역시 연수구 송도과학로27번길 55 (송도동, 롯데캐슬캠퍼스타운 302동 D-208호)",오가다,폐업,인천광역시 연수구 송도동 149번지 롯데캐슬캠퍼스타운 302동 D-208호 ,폐업,20160525,20170501,37.3880544,126.6651321
71,cafe,purple,"인천광역시 연수구 송도과학로27번길 55 (송도동, 롯데캐슬캠퍼스타운 A-101,102,103,121,122)",스타벅스송도캠퍼스타운역,영업,"인천광역시 연수구 송도동 149번지 롯데캐슬캠퍼스타운 A-101,102,103,121,122호 ",운영중,20160622,,37.3880544,126.6651321
72,cafe,purple,"인천광역시 연수구 하모니로 136 (송도동, 레인보우빌딩 지상1층)",스타벅스인천송도DT,영업,인천광역시 연수구 송도동 8-17번지 레인보우빌딩 지상1층 ,운영중,20160622,,37.3788938,126.6388452
73,cafe,purple,"인천광역시 연수구 신송로 164 (송도동, 아데니움플라자 102호)",위치스틱 송도점,영업,인천광역시 연수구 송도동 20-18번지 아데니움플라자 102호 ,운영중,20160713,,37.3954874,126.6521599
74,cafe,purple,"인천광역시 연수구 센트럴로 123, 1층 (송도동, 송도컨벤시아내)",커피101스트릿,영업,인천광역시 연수구 송도동 6-1번지 송도컨벤시아내 ,운영중,20160912,,37.3881259,126.6460025
75,cafe,purple,"인천광역시 연수구 센트럴로 123, 1층 (송도동, 송도컨벤시아)",커피101스트릿,영업,인천광역시 연수구 송도동 6-1번지 송도컨벤시아 ,운영중,20161103,,37.3881259,126.6460025
76,cafe,purple,"인천광역시 연수구 송도바이오대로 300, 1층 (송도동, 삼성바이오로직스 생산시설 커뮤니티센터)",커피앤(Coffe&),영업,인천광역시 연수구 송도동 201-2번지 1층 삼성바이오로직스 생산시설 커뮤니티센터 ,운영중,20170303,,37.3672187,126.657991
77,cafe,purple,"인천광역시 연수구 해돋이로 118, 103호 (송도동, 마린프라자)",리트웨이,영업,인천광역시 연수구 송도동 3-31번지 ,운영중,20170308,,37.3922988,126.6495649
78,cafe,purple,"인천광역시 연수구 송도과학로16번길 33-1, 1층 105a호 (송도동, 송도트리플스트리트 A동)",빌리엔젤(BILLY ANGEL),영업,인천광역시 연수구 송도동 170-1번지 송도트리플스트리트 A동 105a호,운영중,20170323,,37.3797524,126.6610888
79,cafe,purple,"인천광역시 연수구 송도과학로16번길 33-1, 지상1층 106호 (송도동, 송도트리플스트리트 A동)",지유가오카 브레드(JIYUGAOKA BREAD) 인천송도점,영업,인천광역시 연수구 송도동 170-1번지 송도트리플스트리트 A동 지상1층 106호 ,운영중,20170421,,37.3797524,126.6610888
80,cafe,purple,"인천광역시 연수구 센트럴로 123 (송도동, 송도컨벤시아 전시장 지상1층 일부)",미스터블랙,폐업,인천광역시 연수구 송도동 6-1번지 송도컨벤시아 전시장 지상1층 일부 ,폐업,20170329,20170411,37.3881259,126.6460025
81,cafe,purple,"인천광역시 연수구 센트럴로 123, 1층 (송도동, 송도컨벤시아)",카페큐브,폐업,인천광역시 연수구 송도동 6-1번지 송도컨벤시아 1층 ,폐업,20170316,20170320,37.3881259,126.6460025
82,cafe,purple,"인천광역시 연수구 송도과학로16번길 33-3, 지하2층 215-1,215-2호 (송도동, 송도트리플스트리트 C동)",리리(ReRi),영업,"인천광역시 연수구 송도동 176-1번지 송도트리플스트리트 C동, 지하2층 215-1호",운영중,20170407,,37.3797524,126.6610888
83,cafe,purple,"인천광역시 연수구 송도과학로16번길 33-4, 지상1층 D118호 (송도동, 송도트리플스트리트 D동)",스무디킹 송도트리플스트리트점,영업,인천광역시 연수구 송도동 176-5번지 송도트리플스트리트 D동 118호 ,운영중,20170410,,37.3787776,126.6627003
84,cafe,purple,"인천광역시 연수구 송도과학로16번길 33-4, 116호 (송도동, 송도트리플스트리트D동)",더빈(The Bean),영업,인천광역시 연수구 송도동 176-5번지 송도트리플스트리트D동 116호,운영중,20170410,,37.3787776,126.6627003
85,cafe,purple,"인천광역시 연수구 송도과학로16번길 33-1, A동 지하1층 102호 (송도동, 송도트리플스트리트)",트리플스트리트 챔피언,영업,인천광역시 연수구 송도동 170-1번지 송도트리플스트리트 지하1층 A동 102호,운영중,20170419,,37.3797524,126.6610888
86,cafe,purple,"인천광역시 연수구 센트럴로 123, 1층 (송도동, 송도컨벤시아 전시장내)",카페큐,폐업,인천광역시 연수구 송도동 6-1번지 송도컨벤시아 전시장내 지상1층 ,폐업,20170328,20170403,37.3881259,126.6460025
87,cafe,purple,"인천광역시 연수구 송도과학로16번길 33-4, D동 지하1층 B123호 (송도동, 송도트리플스트리트)",퓨로쥬스 송도트리플스트리트점,영업,인천광역시 연수구 송도동 176-5번지 송도 트리플스트리트 지하1층 D동 B123호,운영중,20170425,,37.3787776,126.6627003
88,cafe,purple,"인천광역시 연수구 컨벤시아대로274번길 15 (송도동, 송도더샵마스터뷰 23-1BL 상가 1호)",베이지가든,폐업,인천광역시 연수구 송도동 112번지 송도더샵마스터뷰 23-1BL 상가 1호 ,폐업,20151223,20160713,37.3813301,126.6330297
89,cafe,purple,"인천광역시 연수구 첨단대로 80, A동 지상1층 105호 (송도동, 아이에프이제트입주기업근로자기숙사)",컵오브커피 라이크홈점,영업,인천광역시 연수구 송도동 207-3번지 아이에프이제트입주기업근로자기숙사 A동 105호,운영중,20170601,,37.3671515,126.6538259
90,cafe,purple,"인천광역시 연수구 컨벤시아대로 165 (송도동, NEAT TOWER 지상5층 일부)",카페 줄리아노,영업,인천광역시 연수구 송도동 6-10번지 NEAT TOWER 지상5층 일부 ,운영중,20170601,,37.392921,126.646044
91,cafe,purple,"인천광역시 연수구 컨벤시아대로 70, 302동 지상1층 104호 (송도동, 인천송도힐스테이트)",코티지 Cottage,폐업,인천광역시 연수구 송도동 21-59번지 인천송도힐스테이트 302동 104호,폐업,20170526,20170607,37.396527,126.6498481
92,cafe,purple,"인천광역시 연수구 해돋이로 107, D동 지상1층 상가4호 (송도동, 송도더샵퍼스트월드)",삼분만,영업,인천광역시 연수구 송도동 4-1번지 송도더샵퍼스트월드 D동 상가4호,운영중,20170526,,37.3910848,126.6480396
94,cafe,purple,"인천광역시 연수구 해돋이로120번길 16, 지상1층 108호 (송도동, 송도풍림아이원아파트상가)",아띠커피(ATTI COFFEE),영업,인천광역시 연수구 송도동 3-10번지 송도풍림아이원아파트 상가동 108호 ,운영중,20150821,,37.3933302,126.6519879
95,cafe,purple,"인천광역시 연수구 센트럴로 160 (송도동, 송도센트럴파크 푸르지오 판매시설동 116호)",빌리엔젤(BILLY ANGEL) 송도신도시점,영업,인천광역시 연수구 송도동 23-5번지 송도센트럴파크 푸르지오 판매시설동 116호 ,운영중,20150721,,37.3943277,126.640779
96,cafe,purple,"인천광역시 연수구 테크노파크로 113 (송도동, 프리페이스빌딩 201호)",라리 송도센트럴점,영업,인천광역시 연수구 송도동 8-10번지 프리페이스빌딩 201호 ,운영중,20150831,,37.387223,126.6438262
97,cafe,purple,"인천광역시 연수구 송도국제대로 165 (송도동, 지상2층 홈플러스 매장내)",커피베이 홈플러스 송도점,영업,인천광역시 연수구 송도동 168-3번지 지상2층 홈플러스 매장내 ,운영중,20151014,,37.3803688,126.6558474
98,cafe,purple,"인천광역시 연수구 컨벤시아대로42번길 61 (송도동, 송도더샵그린애비뉴 817동 108호)",롤리폴리,폐업,인천광역시 연수구 송도동 16-7번지 송도더샵그린애비뉴 817동 108호 ,폐업,20151012,20170314,37.4021128,126.6455857
99,cafe,purple,"인천광역시 연수구 송도과학로27번길 55 (송도동, 롯데캐슬캠퍼스 타운 302동 C-110호)",베리나이스,영업,인천광역시 연수구 송도동 149번지 롯데캐슬캠퍼스 타운 302동 C-110호 ,운영중,20160510,,37.3880544,126.6651321
100,cafe,purple,"인천광역시 연수구 송도과학로27번길 55, 301동 A115호 (송도동, 롯데캐슬 캠퍼스타운)",이디야 송도캠퍼스타운점,영업,인천광역시 연수구 송도동 149번지 롯데캐슬 캠퍼스타운 301 A115호 ,운영중,20160510,,37.3880544,126.6651321
101,cafe,purple,"인천광역시 연수구 신송로125번길 7 (송도동, 이리옴프라자 105-1호)",동경솜빙,폐업,인천광역시 연수구 송도동 3-5번지 이리옴프라자 105-1호 ,폐업,20160519,20161110,37.3948805,126.6515593
102,cafe,purple,"인천광역시 연수구 송도과학로27번길 55 (송도동, 롯데캐슬캠퍼스타운 301동 B-111호)",엠엠티에이치070,영업,인천광역시 연수구 송도동 149번지 롯데캐슬캠퍼스타운 301동 B-111호 ,운영중,20160513,,37.3880544,126.6651321
103,cafe,purple,"인천광역시 연수구 송도과학로27번길 55 (송도동, 롯데캐슬캠퍼스타운 C-201,202호)",카페드로젠,영업,"인천광역시 연수구 송도동 149번지 롯데캐슬캠퍼스타운 C-201,202호 ",운영중,20160711,,37.3880544,126.6651321
104,cafe,purple,"인천광역시 연수구 센트럴로 232 (송도동, 더샵센트럴파크1 E동 178호)",삼몬타나(SAMMONTANA)본점,폐업,인천광역시 연수구 송도동 23-3번지 더샵센트럴파크1 E동 178호 ,폐업,20160817,20160825,37.396669,126.6377988
105,cafe,purple,"인천광역시 연수구 센트럴로 350 (송도동, 지상1층 인천펜타포트 락페스티벌 행사장내)",커피위드인,폐업,인천광역시 연수구 송도동 26-1번지 지상1층 인천펜타포트 락페스티벌 행사장내 ,폐업,20160808,20160816,37.3943277,126.640779
106,cafe,purple,"인천광역시 연수구 센트럴로 350 (송도동, 지상1층 인천펜타포트락페스티벌 행사장내)",망고세븐,폐업,인천광역시 연수구 송도동 26-1번지 지상1층 인천펜타포트락페스티벌 행사장내 ,폐업,20160808,20160816,37.3943277,126.640779
107,cafe,purple,"인천광역시 연수구 송도과학로16번길 33-2, B동 지상1층 132호 (송도동, 송도트리플스트리트점)",공차 트리플스트리트점,영업,인천광역시 연수구 송도동 174-3번지 송도트리플스트리트점 B동 132호,운영중,20170417,,37.3797524,126.6610888
108,cafe,purple,"인천광역시 연수구 송도과학로16번길 33-4, D동 지상1층 112호 (송도동, 송도트리플스트리트)",로스터스(정진원의 커피볶는집),영업,인천광역시 연수구 송도동 176-5번지 송도트리플스트리트 D동 112호,운영중,20170417,,37.3787776,126.6627003
109,cafe,purple,"인천광역시 연수구 송도과학로16번길 33-2, B동 지상1층 106호 (송도동, 송도트리플스트리트)",다인카페(cafe) 송도점,영업,인천광역시 연수구 송도동 174-3번지 송도트리플스트리트 B동 106호,운영중,20170420,,37.3797524,126.6610888
110,cafe,purple,"인천광역시 연수구 센트럴로 123 (송도동, 송도컨벤시아전시장내 지상1층 일부)",익스트림커피,폐업,인천광역시 연수구 송도동 6-1번지 송도컨벤시아전시장내 지상1층 일부 ,폐업,20170331,20170403,37.3881259,126.6460025
111,cafe,purple,"인천광역시 연수구 센트럴로 123 (송도동, 송도컨벤시아전시장 지상1층 일부)",닥터빈스,폐업,인천광역시 연수구 송도동 6-1번지 송도컨벤시아전시장 지상1층 일부 ,폐업,20170331,20170417,37.3881259,126.6460025
112,cafe,purple,"인천광역시 연수구 송도과학로16번길 33-3, 지하2층 (송도동, 송도트리플스트리트 C동, B215-3호)",브알라,영업,인천광역시 연수구 송도동 176-1번지 송도트리플스트리트 C동(B215-3호) ,운영중,20170330,,37.3797524,126.6610888
113,cafe,purple,"인천광역시 연수구 컨벤시아대로 81, 1층 138호 (송도동, 드림시티)",아멜라떼(송도점),영업,인천광역시 연수구 송도동 3-2번지 드림시티 138호 ,운영중,20170404,,37.3949014,126.6501562
114,cafe,purple,"인천광역시 연수구 송도미래로 150 (송도동, 정문보안동 지상1층 일부)",앰코코리아 카페베네,영업,인천광역시 연수구 송도동 220번지 정문보안동 지상1층 일부 ,운영중,20170404,,37.3600611,126.6555512
115,cafe,purple,"인천광역시 연수구 송도국제대로 123 (송도동, 현대프리미엄아울렛 지하1층)",슈엣,폐업,인천광역시 연수구 송도동 168-1번지 현대프리미엄아울렛 지하1층 ,폐업,20170523,20170801,37.3848777,126.6587343
116,cafe,purple,"인천광역시 연수구 센트럴로 123, 지상1층 (송도동, 송도컨벤시아 전시장내)",전시기획키즈캠핑,폐업,인천광역시 연수구 송도동 6-1번지 송도컨벤시아 전시장내 ,폐업,20150701,20160829,37.3881259,126.6460025
117,cafe,purple,"인천광역시 연수구 센트럴로 160 (송도동, 파크게이트 166호,167호)",달콤커피 송도센트럴파크점,영업,"인천광역시 연수구 송도동 23-5번지 파크게이트 166호,167호 ",운영중,20150706,,37.3943277,126.640779
118,cafe,purple,"인천광역시 연수구 해돋이로 107 (송도동, 더샵퍼스트월드 E동 4호)",킹스맨까페,영업,인천광역시 연수구 송도동 4-1번지 더샵퍼스트월드 E동 4호 ,운영중,20150903,,37.3910848,126.6480396
119,cafe,purple,"인천광역시 연수구 센트럴로 263 (송도동, 국제업무단지 c8-2블럭 업무복합시설 지상3층)",까페푸드림,영업,인천광역시 연수구 송도동 29-13번지 국제업무단지 c8-2블럭 업무복합시설 지상3층 ,운영중,20150820,,37.3982989,126.6337295
120,cafe,purple,"인천광역시 연수구 아트센터대로 149 (송도동, 커낼워크 102동 122호)",쥬씨커낼워크점,영업,인천광역시 연수구 송도동 23-1번지 커낼워크 102동 122호 ,운영중,20160517,,37.3981307,126.6356333
122,cafe,purple,"인천광역시 연수구 송도과학로27번길 55 (송도동, 롯데캐슬캠퍼스타운301 B104,105호)",팬 브레드(캠퍼스타운 애비뉴점),폐업,"인천광역시 연수구 송도동 149번지 롯데캐슬캠퍼스타운301 B104,105호 ",폐업,20160502,20160504,37.3880544,126.6651321
123,cafe,purple,"인천광역시 연수구 송도국제대로 123 (송도동, 현대프리미엄아울렛 지하2층)",(주)라바짜블루코리아현대송도점,폐업,인천광역시 연수구 송도동 168-1번지 현대프리미엄아울렛 지하2층 ,폐업,20160502,20170602,37.3848777,126.6587343
124,cafe,purple,"인천광역시 연수구 센트럴로 350, 1층 (송도동, 송도세계문화축제 행사장내)",엔제리너스커피,폐업,인천광역시 연수구 송도동 26-1번지 송도세계문화축제 행사장내 ,폐업,20160824,20160906,37.3943277,126.640779
125,cafe,purple,"인천광역시 연수구 송도국제대로 123 (송도동, 현대프리미엄아울렛 지하1층)",디저트카페 유후,영업,인천광역시 연수구 송도동 168-1번지 현대프리미엄아울렛 지하1층 ,운영중,20170405,,37.3848777,126.6587343
126,cafe,purple,"인천광역시 연수구 인천타워대로 323 (송도동, 30-3외 1필지 A동 4-1호)",(주) 휴먼푸드 보다카페,폐업,인천광역시 연수구 송도동 30-3번지 30-3외 1필지 A동 4-1호 ,폐업,20150408,20170728,37.3985217,126.6300919
127,cafe,purple,"인천광역시 연수구 아트센터대로 107 (송도동, 커넬워크 가을동 302동 166호)",청년디저트,영업,인천광역시 연수구 송도동 18-1번지 커넬워크 가을동 302동 166호 ,운영중,20150409,,37.400785,126.637915
128,cafe,purple,"인천광역시 연수구 아트센터대로 107, 302동 지상1층 155호 (송도동, 커낼워크 D3 (AUTUMN))",더착한커피 송도NC큐브점,영업,인천광역시 연수구 송도동 18-1번지 커낼워크 D3 (AUTUMN) 302동 155호,운영중,20150409,,37.400886,126.6386
129,cafe,purple,"인천광역시 연수구 아트센터대로 107, 302동 지상1,2층 149,150,151,217,218호 (송도동, 커낼워크D3(AUTUMN))",탐앤탐스 송도커넬워크점,영업,"인천광역시 연수구 송도동 18-1번지 커낼워크D3 (AUTUMN), 302동 149호,150호,151호,217호,218호 ",운영중,20150424,,37.400886,126.6386
130,cafe,purple,"인천광역시 연수구 컨벤시아대로 116, 지상1층 103호 (송도동, 송도푸르지오월드마크7단지)",빽다방 송도월드마크점,폐업,인천광역시 연수구 송도동 22-21번지 송도푸르지오월ㄹ드마크7단지 103호 ,폐업,20150817,20160712,37.3932555,126.6462388
131,cafe,purple,"인천광역시 연수구 송도국제대로 123 (송도동, 현대프리미엄아울렛 지하1층)",조앤더주스 송도점,영업,인천광역시 연수구 송도동 168-1번지 현대프리미엄아울렛 지하1층 ,운영중,20160422,,37.3848777,126.6587343
132,cafe,purple,"인천광역시 연수구 센트럴로 232 (송도동, 더샵센트럴파크1 E동 181호)",비엔나커피하우스 인천센트럴1점,폐업,인천광역시 연수구 송도동 23-3번지 더샵센트럴파크1 E동 181호 ,폐업,20160405,20160406,37.3968551,126.6376186
133,cafe,purple,"인천광역시 연수구 컨벤시아대로 116, 103호 (송도동, 송도푸르지오월드마크7단지)",빽다방 송도월드마크점,영업,인천광역시 연수구 송도동 22-21번지 송도푸르지오월드마크7단지 103호,운영중,20160712,,37.3932555,126.6462388
134,cafe,purple,"인천광역시 연수구 해송로 70 (송도동, 송도 웰카운티2단지 231동 7호 일부)",카페코닷(cafe codot),영업,인천광역시 연수구 송도동 9-29번지 송도 웰카운티2단지 231동 7호 일부 ,운영중,20161130,,37.38002,126.651567
135,cafe,purple,"인천광역시 연수구 해돋이로 107, H동 1층 (송도동, GS슈퍼내)",마이올,폐업,인천광역시 연수구 송도동 4-1번지 지상 1층 GS슈퍼내 ,폐업,20161123,20171123,37.3910848,126.6480396
136,cafe,purple,"인천광역시 연수구 인천타워대로 지하 155, 지하1층 (송도동, 인천대 입구역 2번출구쪽)",언더블루,영업,인천광역시 연수구 송도동 48번지 지상 1층 인천대 입구역 2번출구쪽 ,운영중,20161123,,37.3797548,126.6440721
137,cafe,purple,"인천광역시 연수구 송도과학로27번길 55, 302동 D-103호 (송도동, 롯데캐슬 캠퍼스타운)",빽다방 송도캠퍼스타운점,영업,인천광역시 연수구 송도동 149번지 롯데캐슬 캠퍼스타운 302동 D-103호,운영중,20161124,,37.3880544,126.6651321
138,cafe,purple,"인천광역시 연수구 아트센터대로 107, D3(AUTUMN)동 153호 (송도동, 커낼워크)",콜라주플러스리아트,영업,인천광역시 연수구 송도동 18-1번지 커낼워크 D3(AUTUMN) 153호 ,운영중,20161212,,37.400886,126.6386
139,cafe,purple,"인천광역시 연수구 센트럴로 123 (송도동, 송도컨벤시아 지상1층 일부)",카페큐,폐업,인천광역시 연수구 송도동 6-1번지 송도컨벤시아 지상1층 일부 ,폐업,20170309,20170313,37.3891199,126.6461628
142,cafe,purple,"인천광역시 연수구 센트럴로 232 (송도동, 센트럴파크1차 E동 161,162,142,143호)",가마빈(Gamabeen),폐업,"인천광역시 연수구 송도동 23-3번지 센트럴파크1차 E동 161,162,142,143호 ",폐업,20151126,20160601,37.3968551,126.6376186
143,cafe,purple,"인천광역시 연수구 센트럴로 123 (송도동, 송도컨벤시아 1층 제1전시장내)",큐,폐업,인천광역시 연수구 송도동 6-1번지 송도컨벤시아 1층 제1전시장내 ,폐업,20160317,20160328,37.3891199,126.6461628
144,cafe,purple,"인천광역시 연수구 송도과학로27번길 55 (송도동, 롯데캐슬캠퍼스타운 302 C-111호)",누리커피,영업,인천광역시 연수구 송도동 149번지 롯데캐슬캠퍼스타운 302 C-111호 ,운영중,20160412,,37.3880544,126.6651321
145,cafe,purple,"인천광역시 연수구 송도과학로27번길 55 (송도동, 롯데캐슬 캠퍼스 타운 D-105호)",생활커피(캠퍼스타운점),영업,인천광역시 연수구 송도동 149번지 롯데캐슬 캠퍼스 타운 D-105호 ,운영중,20160708,,37.3880544,126.6651321
146,cafe,purple,"인천광역시 연수구 첨단대로 80, 에이동 112호 (송도동, 아이에프이제트입주기업근로자기숙사)",하루,영업,인천광역시 연수구 송도동 207-3번지 아이에프이제트입주기업근로자기숙사 에이동 112호 ,운영중,20170207,,37.3671515,126.6538259
147,cafe,purple,"인천광역시 연수구 아트센터대로 107, 301동 125호 (송도동, 커낼워크 D3(AUTUMN))",비앙뜨까페앤쇼룸(BIENTE Cafe&Showroom),영업,인천광역시 연수구 송도동 18-1번지 커낼워크 D3(AUTUMN) 301동 125호 ,운영중,20170224,,37.400886,126.6386
148,cafe,purple,"인천광역시 연수구 센트럴로 194, C동 101,102호 (송도동, 더샵센트럴파크2)",커피휘엘 송도점,영업,"인천광역시 연수구 송도동 23-4번지 더샵센트럴파크2 C동 101,102호 ",운영중,20170228,,37.3946302,126.6407177
149,cafe,purple,"인천광역시 연수구 해돋이로 102, 1층 107호 (송도동, 명인프라자)",공차 인천 송도점,영업,인천광역시 연수구 송도동 3-23번지 명인프라자 107호 ,운영중,20170228,,37.3913707,126.6510564
150,cafe,purple,"인천광역시 연수구 송도문화로28번길 28, 204동 지상1층 130호 (송도동, 글로벌캠퍼스푸르지오)",빽다방 글로벌1호점,영업,인천광역시 연수구 송도동 190-2번지 글로벌캠퍼스푸르지오 204동 130호,운영중,20150728,,37.3772435,126.6546055
151,cafe,purple,"인천광역시 연수구 신송로125번길 13 (송도동, 아크리아1  119호)",쥬시송도점,영업,인천광역시 연수구 송도동 3-6번지 아크리아1  119호 ,운영중,20160122,,37.3944978,126.6511844
152,cafe,purple,"인천광역시 연수구 컨벤시아대로 70 (송도동, 송도힐스테이트 302동 125호)",블랑머랭(Blanc Meringue),영업,인천광역시 연수구 송도동 21-59번지 송도힐스테이트 302동 125호 ,운영중,20160122,,37.399307,126.6514573
153,cafe,purple,"인천광역시 연수구 컨벤시아대로 60, 141호 (송도동, 송도푸르지오 월드마크2단지)",달롤 송도국제도시점,폐업,인천광역시 연수구 송도동 20-23번지 송도푸르지오 월드마크2단지 141호,폐업,20151201,20160726,37.3973377,126.6506942
154,cafe,purple,"인천광역시 연수구 송도국제대로 123 (송도동, 현대프리미엄아울렛 지하1층)",엘카페커피로스터스(송도점),영업,인천광역시 연수구 송도동 168-1번지 현대프리미엄아울렛 지하1층 ,운영중,20160418,,37.3848777,126.6587343
155,cafe,purple,"인천광역시 연수구 송도국제대로 123 (송도동, 현대프리미엄아울렛 지하1층)",공차현대송도점,영업,인천광역시 연수구 송도동 168-1번지 현대프리미엄아울렛 지하1층 ,운영중,20160418,,37.3848777,126.6587343
156,cafe,purple,"인천광역시 연수구 송도국제대로 123 (송도동, 현대프리미엄아울렛 지하1층)",파머스애플(Farmer's apple),폐업,인천광역시 연수구 송도동 168-1번지 현대프리미엄아울렛 지하1층 ,폐업,20160418,20170501,37.3848777,126.6587343
157,cafe,purple,"인천광역시 연수구 송도국제대로 123 (송도동, 현대프리미엄아울렛 지하1층)",씨27(C27),영업,인천광역시 연수구 송도동 168-1번지 현대프리미엄아울렛 지하1층 ,운영중,20160418,,37.3848777,126.6587343
158,cafe,purple,"인천광역시 연수구 송도국제대로 123 (송도동, 현대프리미엄아울렛 지하1층)",전구스무디,폐업,인천광역시 연수구 송도동 168-1번지 현대프리미엄아울렛 지하1층 ,폐업,20160418,20171204,37.3848777,126.6587343
159,cafe,purple,"인천광역시 연수구 해돋이로 104, 106,107호 (송도동)",스위트코드(SWEET CODE),영업,"인천광역시 연수구 송도동 3-24번지 106,107호 ",운영중,20161226,,37.3914678,126.6508818
160,cafe,purple,"인천광역시 연수구 송도문화로28번길 28, 203동 지상2층 215호 (송도동, 글로벌캠퍼스푸르지오)",토프레소 송도캠퍼스타운점,영업,인천광역시 연수구 송도동 190-2번지 글로벌캠퍼스푸르지오 203동 215호,운영중,20140310,,37.3772435,126.6546055
161,cafe,purple,"인천광역시 연수구 첨단대로 107, 1층 (송도동)",삼성웰스토리(주) 바이오로직스 송도카페,영업,인천광역시 연수구 송도동 201-2번지 1층 ,운영중,20121112,,37.367123,126.6581449
162,cafe,purple,"인천광역시 연수구 해돋이로 168, 지상1층 101호 (송도동, 혜인프라자)",잇브레드,폐업,인천광역시 연수구 송도동 21-13번지 혜인프라자 101호,폐업,20140102,20161227,37.3909843,126.6508366
163,cafe,purple,"인천광역시 연수구 해돋이로 114 (송도동,연성프라자 지상1층(106호))",세이지(saige),폐업,인천광역시 연수구 송도동 3-29번지 연성프라자 지상1층(106호) ,폐업,20110825,20140722,37.3922988,126.6495649
164,cafe,purple,"인천광역시 연수구 송도과학로 85, 지상1층 (송도동, 연세대학교2기숙사)",삼성웰스토리(주)연세대2기숙사카페,영업,인천광역시 연수구 송도동 162-1번지 연세대학교2기숙사 지상1층 ,운영중,20140317,,37.3825244,126.6711298
165,cafe,purple,"인천광역시 연수구 컨벤시아대로 126, 165호 (송도동, 송도푸르지오월드마크8단지)",캣앤라인디저트카페,폐업,인천광역시 연수구 송도동 22-22번지 송도푸르지오월드마크8단지 165호 ,폐업,20130201,20161025,37.3926511,126.6452345
166,cafe,purple,"인천광역시 연수구 해돋이로84번길 30, 상가동 지상1층 107호 (송도동, 금호어울림)",카페아이드림(Cafe I Dream),영업,인천광역시 연수구 송도동 3-38번지 금호어울림 상가동 107호,운영중,20140521,,37.3915716,126.6561244
167,cafe,purple,"인천광역시 연수구 컨벤시아대로42번길 61, 817동 지상1층 106호 (송도동, 송도더샵그린애비뉴)",미쓰추로스 송도점,폐업,인천광역시 연수구 송도동 16-7번지 송도더샵그린애비뉴 817동 106호,폐업,20140724,20160705,37.4021128,126.6455857
168,cafe,purple,"인천광역시 연수구 센트럴로 232 (송도동, 센트럴파크1 E동 142호, 143호, 161호, 162호)",드롭탑 송도센트럴파크점,폐업,"인천광역시 연수구 송도동 23-3번지 센트럴파크1 E동 142호, 143호, 161호, 162호 ",폐업,20120423,20151117,37.3968551,126.6376186
169,cafe,purple,"인천광역시 연수구 하모니로36번길 19 (송도동, 은하프라자A동 101호 일부)",거성,폐업,인천광역시 연수구 송도동 3-14번지 은하프라자A동 101호 일부 ,폐업,20140728,20150513,37.4021128,126.6455857
170,cafe,purple,"인천광역시 연수구 신송로 121 (송도동, 센타프라자 119호)",커피아바,영업,인천광역시 연수구 송도동 3-4번지 센타프라자 119호 ,운영중,20130717,,37.3954504,126.6516179
171,cafe,purple,"인천광역시 연수구 컨벤시아대로 81, 314호 (송도동, 드림씨티)",도그의 하루,영업,인천광역시 연수구 송도동 3-2번지 드림씨티 314호,운영중,20140319,,37.3949014,126.6501562
172,cafe,purple,"인천광역시 연수구 송도문화로28번길 28, 203동 지상2층 220호 (송도동, 글로벌캠퍼스푸르지오)",이디야커피(송도글로벌캠퍼스점),영업,인천광역시 연수구 송도동 190-2번지 글로벌캠퍼스푸르지오 203동 220호,운영중,20140320,,37.3772435,126.6546055
173,cafe,purple,"인천광역시 연수구 인천타워대로 323, A동 지상4층 4-1호 (송도동, 송도센트로드)",세종에프앤에스(주) 보다카페,폐업,인천광역시 연수구 송도동 30-3번지 외 1필지 송도센트로드 A동 4-1호,폐업,20140523,20150331,37.3994143,126.6297563
174,cafe,purple,"인천광역시 연수구 인천타워대로54번길 3 (송도동, 메트로프라자 101호)",커피식스 송도점,폐업,인천광역시 연수구 송도동 9-26번지 메트로프라자 101호 ,폐업,20150202,20150226,37.378546,126.645671
175,cafe,purple,"인천광역시 연수구 첨단대로 125 (송도동, 삼성바이오로직스 생산시설 커뮤니티센터 1층)",커피앤(Coffee&),폐업,인천광역시 연수구 송도동 201-2번지 삼성바이오로직스 생산시설 커뮤니티센터 1층 ,폐업,20150213,20170303,37.3659723,126.6524888
176,cafe,purple,"인천광역시 연수구 송도과학로 100 (송도동, 포스코R&D센터 1층)",카페그랑  포스코 R&D센터점,영업,인천광역시 연수구 송도동 180-1번지 포스코R&D센터 1층 ,운영중,20130430,,37.3784449,126.6689696
177,cafe,purple,"인천광역시 연수구 인천타워대로 241, 지상6층 (송도동, (주)포스코건설사옥)",(주)아워홈 포스코건설송도점,영업,인천광역시 연수구 송도동 36번지 (주)포스코건설사옥 지상6층 ,운영중,20140702,,37.3923813,126.6343067
178,cafe,purple,"인천광역시 연수구 인천타워대로 323 (송도동, 센트로드 상가동 D 139호)",요일,폐업,인천광역시 연수구 송도동 30-3번지 센트로드 상가동 D 139호 ,폐업,20130605,20171229,37.3985217,126.6300919
179,cafe,purple,"인천광역시 연수구 해돋이로 107, E동 지상1층 13호 (송도동, 송도더샵퍼스트월드)",카페 스페라타,폐업,인천광역시 연수구 송도동 4-1번지 송도더샵퍼스트월드 E동 13호,폐업,20141215,20171106,37.3910848,126.6480396
180,cafe,purple,"인천광역시 연수구 센트럴로 123, 지상1층 (송도동, 송도컨벤시아(제2전시장 내))",티앤에프,폐업,인천광역시 연수구 송도동 6-1번지 송도컨벤시아(제2전시장 내) ,폐업,20141215,20150302,37.3881259,126.6460025
181,cafe,purple,"인천광역시 연수구 센트럴로 123, 지상1층 (송도동, 송도컨벤시아 전시장내)",라메르,폐업,인천광역시 연수구 송도동 6-1번지 송도컨벤시아 전시장내 ,폐업,20150303,20150320,37.3881259,126.6460025
182,cafe,purple,"인천광역시 연수구 센트럴로 123, 지상1층 (송도동, 송도컨벤시아 전시장내)",라메르,폐업,"인천광역시 연수구 송도동 6-1번지 송도컨벤시아 전시장내, 지상1층 ",폐업,20150303,20160819,37.3881259,126.6460025
183,cafe,purple,"인천광역시 연수구 송도문화로28번길 28, 201동 지상2층 205,206호 (송도동, 글로벌캠퍼스푸르지오)",더디저트카페,영업,"인천광역시 연수구 송도동 190-2번지 글로벌캠퍼스푸르지오 지상2층 205호,206호 201동 ",운영중,20150304,,37.3772435,126.6546055
184,cafe,purple,"인천광역시 연수구 해돋이로 107 (송도동,더�俟蚌뵈�월드 G동 128호 지상2층)",현대스포렉스커피,폐업,인천광역시 연수구 송도동 4-1번지 더�俟蚌뵈�월드 G동 128호 지상2층 ,폐업,20110304,20141230,37.3910848,126.6480396
185,cafe,purple,"인천광역시 연수구 센트럴로 194 (송도동, 센트럴파크 A동 106호)",하라롤 송도점,폐업,인천광역시 연수구 송도동 23-4번지 센트럴파크 A동 106호 ,폐업,20150105,20160926,37.393689,126.6418962
186,cafe,purple,"인천광역시 연수구 인천타워대로54번길 9, 지상1층 103호 (송도동, 에몬스프라자)",요거프레소(송도지식정보단지점),영업,인천광역시 연수구 송도동 9-19번지 에몬스프라자 103호,운영중,20141020,,37.3788896,126.6460929
187,cafe,purple,"인천광역시 연수구 센트럴로 123 (송도동,송도컨벤시아 지상1층)",라메르,폐업,인천광역시 연수구 송도동 6-1번지 송도컨벤시아 지상1층 ,폐업,20110617,20160819,37.3891199,126.6461628
188,cafe,purple,"인천광역시 연수구 컨벤시아대로 100 (송도동,602동 148호 지상1층)",뤼(RUE)75003,폐업,인천광역시 연수구 송도동 21-65번지 602동 148호 지상1층 ,폐업,20110427,20120918,37.3943319,126.647307
189,cafe,purple,"인천광역시 연수구 컨벤시아대로 60 (송도동,송도푸르지오월드마크 2단지 108호 (지상1층))",리즈홈(Lizhome),폐업,인천광역시 연수구 송도동 20-23번지 송도푸르지오월드마크 2단지 108호 (지상1층) ,폐업,20110509,20151012,37.395753,126.64898
190,cafe,purple,"인천광역시 연수구 해돋이로120번길 23 (송도동,아크리아2 102호,103호(지상1층))",파스쿠찌 송도점,폐업,"인천광역시 연수구 송도동 3-7번지 아크리아2 102호,103호(지상1층) ",폐업,20110318,20140312,37.3941422,126.6508158
191,cafe,purple,"인천광역시 연수구 아트센터대로 149 (송도동,커넬워크 D1 101동 106호(지상1층))",제이슨 커피,폐업,인천광역시 연수구 송도동 23-1번지 커넬워크 D1 101동 106호(지상1층) ,폐업,20100709,20160215,37.3978937,126.6353511
192,cafe,purple,"인천광역시 연수구 컨벤시아대로 69 (송도동,송도밀레니엄 414호(지상4층))",커피브레이크,폐업,인천광역시 연수구 송도동 3-1번지 송도밀레니엄 414호(지상4층) ,폐업,20100211,20160629,37.3955795,126.6511239
193,cafe,purple,"인천광역시 연수구 해돋이로 112 (송도동,지상 3층 (302호))",카페뭉크,폐업,인천광역시 연수구 송도동 3-28번지 지상 3층 (302호) ,폐업,20100510,20121227,37.3919256,126.6479419
194,cafe,purple,"인천광역시 연수구 하모니로36번길 1 (송도동, 자인갤러리 1층)",카페엘림,폐업,인천광역시 연수구 송도동 3-22번지 자인갤러리 1층 ,폐업,20120813,20120910,37.3917559,126.6508643
195,cafe,purple,"인천광역시 연수구 인천타워대로 323 (송도동, 송도센트로드상가동 지상3층 D301호)",에스비씨카페,폐업,인천광역시 연수구 송도동 30-3번지 송도센트로드상가동 지상3층 D301호호,폐업,20120328,20160708,37.3985217,126.6300919
196,cafe,purple,"인천광역시 연수구 아트센터대로 131, 175,229호 (송도동, 커넬워크D2 175호,229호)",카페라리,영업,"인천광역시 연수구 송도동 19-1번지 커넬워크D2 175호,229호 175,229호",운영중,20120402,,37.3993232,126.6369138
197,cafe,purple,"인천광역시 연수구 아트센터대로 107, 302동 2층 225호 (송도동, 커넬워크 D3 상가)",카페라,폐업,인천광역시 연수구 송도동 18-1번지 커넬워크 D3 상가 302동 225호,폐업,20120607,20130509,37.400886,126.6386
198,cafe,purple,"인천광역시 연수구 컨벤시아대로 50 (송도동, 푸르지오월드마크 1단지 135호,136호,146호,147호)",빈스빈스커피 송도점,폐업,"인천광역시 연수구 송도동 20-22번지 푸르지오월드마크 1단지 135호,136호,146호,147호 ",폐업,20120410,20171013,37.3979448,126.6513925
199,cafe,purple,"인천광역시 연수구 인천타워대로 323 (송도동, 센트로드 상가동 D146호)",커피파이브(COFFEE 5),영업,인천광역시 연수구 송도동 30-3번지 센트로드 상가동 1층 D146호 ,운영중,20120614,,37.3985217,126.6300919
200,cafe,purple,"인천광역시 연수구 해돋이로84번길 29 (송도동, 송도풍림아이원아파트 상가동 101호)",커피베이 송도점,영업,인천광역시 연수구 송도동 3-13번지 송도풍림아이원아파트 상가동 101호 ,운영중,20120413,,37.390866,126.652934
201,cafe,purple,"인천광역시 연수구 컨벤시아대로 130-58 (송도동, 송도자이하버뷰1단지 상가A동 106호)",요거프레소 송도자이점,폐업,인천광역시 연수구 송도동 19-6번지 송도자이하버뷰1단지 상가A동 106호 ,폐업,20120419,20131108,37.3928296,126.6426712
202,cafe,purple,"인천광역시 연수구 신송로125번길 7, 1층 109호 (송도동)",송도카페,영업,인천광역시 연수구 송도동 3-5번지 이리옴프라자 109호,운영중,20120621,,37.3948805,126.6515593
203,cafe,purple,"인천광역시 연수구 컨벤시아대로42번길 8 (송도동, 송도코오롱더프라우 1단지 102동 112호)",아카페,폐업,인천광역시 연수구 송도동 15-12번지 송도코오롱더프라우 102동 112호 ,폐업,20120427,20121031,37.4013085,126.648955
204,cafe,purple,"인천광역시 연수구 아트센터대로 107 (송도동, 커넬워크D3 156호)",카페베네 커넬워크점,폐업,인천광역시 연수구 송도동 18-1번지 커넬워크 D3 156호 ,폐업,20120420,20160415,37.400785,126.637915
205,cafe,purple,"인천광역시 연수구 아트센터대로 87 (송도동, 커넬워크 D4 402동 171호, 175호)",커피드롭(COFFEEDROP),영업,"인천광역시 연수구 송도동 17-1번지 커넬워크 D4 402동 171호, 175호 ",운영중,20120905,,37.4004283,126.6382677
206,cafe,purple,"인천광역시 연수구 해돋이로 107 (송도동, 더�렵蚌뵈�월드 E동 5호)",아틀리에,폐업,인천광역시 연수구 송도동 4-1번지 더�렵蚌뵈�월드 E동 5호 ,폐업,20120504,20120604,37.3910848,126.6480396
207,cafe,purple,인천광역시 연수구 갯벌로 12 (송도동),공정무역가게 나눔카페미추홀타워점,영업,인천광역시 연수구 송도동 7-50번지 송도테크노파크 벤처A동 지하1층 ,운영중,20120315,,37.3817461,126.6534786
208,cafe,purple,"인천광역시 연수구 센트럴로 232 (송도동, 센트럴파크상가 E동 173,174호)",에이이지(AEG),폐업,"인천광역시 연수구 송도동 23-3번지 센트럴파크상가 E동 173,174호 ",폐업,20120927,20130708,37.3968551,126.6376186
209,cafe,purple,"인천광역시 연수구 해돋이로 107 (송도동, 4-1번지더샵퍼스트월드H동102호)",라센느,폐업,인천광역시 연수구 송도동 4-1번지 송도더샵퍼스트월드H동102호내 ,폐업,20120111,20130125,37.3910848,126.6480396
210,cafe,purple,"인천광역시 연수구 컨벤시아대로 116 (송도동,송도푸르지오월드마크7단지 132호(지상1층))",락쉬미,폐업,인천광역시 연수구 송도동 22-21번지 송도푸르지오월드마크7단지 132호(지상1층) ,폐업,20110404,20130531,37.3932555,126.6462388
211,cafe,purple,"인천광역시 연수구 해송로 143, 137동 1층 4-2호 (송도동, 송도웰카운티1단지(지상1층))",런던 에스이텐(London SE10),폐업,인천광역시 연수구 송도동 9-31번지 송도웰카운티1단지(지상1층) 137동 4-2호,폐업,20091123,20141204,37.3774137,126.6482229
212,cafe,purple,"인천광역시 연수구 컨벤시아대로 60 (송도동, 대우월드마크 2단지 140호)",안젤로니아,폐업,인천광역시 연수구 송도동 20-23번지 대우월드마크 2단지 140호 ,폐업,20111117,20120925,37.395753,126.64898
213,cafe,purple,"인천광역시 연수구 센트럴로 232 (송도동, E동, 101,102,103,110호)",엔제리너스 송도센트럴파크점,폐업,"인천광역시 연수구 송도동 23-3번지 E동, 101,102,103,110호 ",폐업,20111118,20161017,37.3968551,126.6376186
214,cafe,purple,"인천광역시 연수구 인천타워대로54번길 9 (송도동, 에몬스 프라자 111호 지상1층)",카페 헬레나,폐업,인천광역시 연수구 송도동 9-19번지 에몬스 프라자 111호 지상1층 ,폐업,20111216,20161010,37.3788896,126.6460929
215,cafe,purple,"인천광역시 연수구 센트럴로 232 (송도동, 센트럴파크 A동 111호)",카페 인 차통,폐업,인천광역시 연수구 송도동 23-3번지 센트럴파크 A동 111호 ,폐업,20130905,20160629,37.3968551,126.6376186
216,cafe,purple,"인천광역시 연수구 아트센터대로 131, 201동 지상1,2층 101,201호 (송도동, 송도커넬워크)",스타벅스 송도커넬워크점,영업,인천광역시 연수구 송도동 19-1번지 송도커넬워크 2D 201동 ,운영중,20131127,,37.3993232,126.6369138
217,cafe,purple,"인천광역시 연수구 아트센터대로 131 (송도동, 커넬워크 202동 171호)",누베떼(송도점),폐업,인천광역시 연수구 송도동 19-1번지 커넬워크 202동 171호 ,폐업,20130806,20171026,37.3991807,126.6367117
218,cafe,purple,"인천광역시 연수구 컨벤시아대로 100, 601동 지상1층 126,127호 (송도동, 힐스테이트)",카페 두 다트,폐업,인천광역시 연수구 송도동 21-65번지 힐스테이트 601동 ,폐업,20131014,20141112,37.3943319,126.647307
219,cafe,purple,"인천광역시 연수구 아트센터대로 107 (송도동, 송도커넬워크 302동 153호)",송도커넬워크 하트레첼,폐업,인천광역시 연수구 송도동 18-1번지 송도커넬워크 302동 153호 ,폐업,20130711,20151231,37.400785,126.637915
220,cafe,purple,"인천광역시 연수구 아트센터대로 149 (송도동, 송도커넬워크 101동 103,105호)",송도커넬워크 모뉴망,폐업,"인천광역시 연수구 송도동 23-1번지 송도커넬워크 101동 103,105호 ",폐업,20130731,20160523,37.3978937,126.6353511
221,cafe,purple,"인천광역시 연수구 컨벤시아대로 50, 1층 106호 (송도동, 송도푸르지오월드마크 1단지)",카페 테라스,폐업,인천광역시 연수구 송도동 20-22번지 송도푸르지오월드마크 1단지 106호,폐업,20131021,20140122,37.3979448,126.6513925
222,cafe,purple,"인천광역시 연수구 아트센터대로 131 (송도동, D2 215호)",루고 송도커넬워크점,폐업,인천광역시 연수구 송도동 19-1번지 D2 215호 ,폐업,20130522,20160729,37.3991807,126.6367117
223,cafe,purple,"인천광역시 연수구 센트럴로 232 (송도동,A동 122호,123호 지상1층)",오드리 햅번,폐업,"인천광역시 연수구 송도동 23-3번지 A동 122호,123호 지상1층 ",폐업,20110809,20140325,37.3968551,126.6376186
224,cafe,purple,"인천광역시 연수구 컨벤시아대로 60, 123호 (송도동, 송도푸르지오월드마크2단지)",레드도어(Red Door),영업,인천광역시 연수구 송도동 20-23번지 송도푸르지오월드마크2단지 123호,운영중,20131028,,37.3973377,126.6506942
225,cafe,purple,"인천광역시 연수구 아트센터대로 107 (송도동, 커넬워크 301동 138호)",뜨라몬또,폐업,인천광역시 연수구 송도동 18-1번지 커넬워크 301동 138호 ,폐업,20130507,20150626,37.400785,126.637915
226,cafe,purple,"인천광역시 연수구 센트럴로 194 (송도동, 센트럴파크2 C동 109호)",바비바비(BOBBY BOBBY),폐업,인천광역시 연수구 송도동 23-4번지 센트럴파크2 C동 109호 ,폐업,20130520,20140822,37.393689,126.6418962
227,cafe,purple,"인천광역시 연수구 하모니로36번길 1 (송도동, 자인갤러리 1층)",카페엘림,폐업,인천광역시 연수구 송도동 3-22번지 자인갤러리 1층 ,폐업,20130522,20170724,37.3917559,126.6508643
231,cafe,purple,"인천광역시 연수구 컨벤시아대로 126 (송도동, 대우월드마크8단지 168호)",캣앤라인,폐업,인천광역시 연수구 송도동 22-22번지 대우월드마크8단지 168호 ,폐업,20130102,20130201,37.3925448,126.6458077
232,cafe,purple,"인천광역시 연수구 컨벤시아대로 81 (송도동, 드림시티 321호)",드림스터디 카페,영업,인천광역시 연수구 송도동 3-2번지 드림시티 321호 ,운영중,20130530,,37.394591,126.6497562
233,cafe,purple,"인천광역시 연수구 송도과학로 85 (송도동, 연세대학교 국제캠퍼스 중앙도서관7층)",트레비앙 7층까페,영업,인천광역시 연수구 송도동 162-1번지 연세대학교 국제캠퍼스 중앙도서관7층 ,운영중,20130605,,37.3825244,126.6711298
234,cafe,purple,"인천광역시 연수구 송도과학로 85 (송도동, 연세대학교 국제캠퍼스 주차장동 학생회관 지하1층)",트레비앙,영업,인천광역시 연수구 송도동 162-1번지 연세대학교 국제캠퍼스 주차장동 학생회관 지하1층 ,운영중,20130605,,37.3825244,126.6711298
235,cafe,purple,"인천광역시 연수구 센트럴로 160 (송도동, 송도센트럴파크푸르지오 판매시설동144,145호)",파쉬(posh),폐업,"인천광역시 연수구 송도동 23-5번지 송도센트럴파크푸르지오 판매시설동144,145호 ",폐업,20130110,20170828,37.3943277,126.640779
236,cafe,purple,"인천광역시 연수구 아트센터대로 107 (송도동, 커넬워크 디3(어텀)제1층 154호)",스노우마운틴,폐업,인천광역시 연수구 송도동 18-1번지 커넬워크 디3(어텀)제1층 154호 ,폐업,20121031,20151118,37.400785,126.637915
237,cafe,purple,"인천광역시 연수구 신송로125번길 13 (송도동, 아크리아 117)",이디야(EDIYA) 송도해양경찰청점,영업,인천광역시 연수구 송도동 3-6번지 아크리아 117 ,운영중,20130402,,37.3944978,126.6511844
238,cafe,purple,"인천광역시 연수구 센트럴로 194 (송도동, 센트럴파크 2 C동 129호,130호)",망고식스 송도센트럴파크점,폐업,"인천광역시 연수구 송도동 23-4번지 센트럴파크 2 C동 129호,130호 ",폐업,20130404,20160201,37.393689,126.6418962
239,cafe,purple,"인천광역시 연수구 하모니로36번길 1 (송도동, 자인갤러리 102호 )",카페엘림,폐업,인천광역시 연수구 송도동 3-22번지 자인갤러리 102호 ,폐업,20121107,20121207,37.3917559,126.6508643
240,cafe,purple,"인천광역시 연수구 해돋이로6번길 7 (송도동, 현대아이파크상가 201호)",카르마(karma),폐업,인천광역시 연수구 송도동 3-46번지 현대아이파크상가 201호 ,폐업,20130410,20150708,37.3877286,126.6562549
241,cafe,purple,"인천광역시 연수구 인천타워대로 323, 상가동 지상1층 D119, D120호 (송도동, 송도센트로드)",카페글렌 송도센트로드점,영업,"인천광역시 연수구 송도동 30-3번지 송도센트로드, 119호,120호 상가동 ",운영중,20130618,,37.3994143,126.6297563
242,cafe,purple,"인천광역시 연수구 컨벤시아대로 116 (송도동, 대우월드마크7단지 109호)",애니커피,영업,인천광역시 연수구 송도동 22-21번지 대우월드마크7단지109호 ,운영중,20120110,,37.3932555,126.6462388
243,cafe,purple,"인천광역시 연수구 센트럴로 194, B동 지상1층 124호 (송도동, 더샵센트럴파크2)",벨로 드 오르쉐,영업,인천광역시 연수구 송도동 23-4번지 더샵센트럴파크2 B동 124호,운영중,20130620,,37.3946302,126.6407177
244,cafe,purple,"인천광역시 연수구 송도미래로 30 (송도동, F동 201호 일부)",라떼야커피(송도스마트밸리점),폐업,인천광역시 연수구 송도동 214번지 F동 201호 일부 ,폐업,20130220,20170217,37.3659652,126.6483186
245,cafe,purple,"인천광역시 연수구 송도미래로 30, F동 221,222호 (송도동, 스마트밸리)",초콜릿앤커피(Chocolate N Coffee),영업,"인천광역시 연수구 송도동 214번지 스마트밸리 F동 221,222호 ",운영중,20130221,,37.3659652,126.6483186
246,cafe,purple,"인천광역시 연수구 송도미래로 30, F동 107호 (송도동, 스마트밸리)",카페톡(Cafe Talk),폐업,인천광역시 연수구 송도동 214번지 스마트밸리 F동 107호 ,폐업,20130221,20130625,37.3659652,126.6483186
247,cafe,purple,"인천광역시 연수구 센트럴로 194 (송도동, A동 101,102,103호)",스타벅스 송도센트럴파크,영업,"인천광역시 연수구 송도동 23-4번지 A동 101,102,103호 ",운영중,20130702,,37.393689,126.6418962
248,cafe,purple,"인천광역시 연수구 해돋이로 130 (송도동, 해양경찰청 1층)",해마루 커피숍,폐업,인천광역시 연수구 송도동 3-8번지 해양경찰청 1층 ,폐업,20130703,20161201,37.3933835,126.6491176
249,cafe,purple,"인천광역시 연수구 센트럴로 194 (송도동, 센트럴파크2 C동 101,102호)",카페네스카페송도센트럴파크점,폐업,"인천광역시 연수구 송도동 23-4번지 센트럴파크2 C동 101,102호 ",폐업,20130506,20150831,37.393689,126.6418962
250,cafe,purple,"인천광역시 연수구 아트센터대로 107, 301동 지상1층 133호 (송도동, 커낼워크 D3)",카페유로패스(Caf'e EURO PASS),영업,인천광역시 연수구 송도동 18-1번지 커낼워크 D3 301동 133호,운영중,20141001,,37.400886,126.6386
251,cafe,purple,"인천광역시 연수구 테크노파크로 180, 다동 지상1층 (송도동, Enjoy & Service)",(주)할리스에프앤비 인천한옥마을점,영업,인천광역시 연수구 송도동 24-17번지 외 3필지 Enjoy & Service 지상1층 다동 ,운영중,20141205,,37.387223,126.6438262
252,cafe,purple,"인천광역시 연수구 신송로118번길 35, 지상1층 (송도동, 송도국제어린이도서관)",카페지브라운,영업,"인천광역시 연수구 송도동 2-1번지 송도국제어린이도서관, 지상1층 ",운영중,20141209,,37.3970268,126.6548818
253,cafe,purple,"인천광역시 연수구 지식기반로 152, 지상1층 (송도동, 송도24호공원 골프연습장)",까페 블루마운틴,영업,인천광역시 연수구 송도동 221-2번지 송도24호공원 골프연습장 지상1층 ,운영중,20141014,,37.356965,126.654341
254,cafe,purple,"인천광역시 연수구 송도미래로 30 (송도동, 스마트밸리 F동 215호)",데일리오커피,영업,인천광역시 연수구 송도동 214번지 스마트밸리 F동 215호 ,운영중,20130215,,37.3659652,126.6483186
255,cafe,purple,"인천광역시 연수구 센트럴로 123, 지상1층 (송도동, 송도컨벤시아  전시장 내)",라메르,폐업,인천광역시 연수구 송도동 6-1번지 송도컨벤시아 지상1층 전시장 내 ,폐업,20141015,20141028,37.3881259,126.6460025
256,cafe,purple,"인천광역시 연수구 아트센터대로 131, 202동 지상1층 168호 (송도동, 커낼워크D2(SUMMER))",엘르디주스(ELLE:D JUICE) 송도커낼워크점,영업,"인천광역시 연수구 송도동 19-1번지 커낼워크D2(SUMMER),지상1층 202동 168호",운영중,20141022,,37.3993232,126.6369138
257,cafe,purple,"인천광역시 연수구 컨벤시아대로 70, 302동 지상1층 117호 (송도동, 인천송도힐스테이트)",카페 더 모먼트(cafe the Moment),폐업,인천광역시 연수구 송도동 21-59번지 인천송도힐스테이트 302동 117호,폐업,20141023,20171129,37.396527,126.6498481
258,cafe,purple,"인천광역시 연수구 컨벤시아대로130번길 32, 지상1층 105호 (송도동, 송도자아하버뷰2단지아파트상가동)",윤군커피,영업,인천광역시 연수구 송도동 19-7번지 송도자아하버뷰2단지아파트상가동 105호,운영중,20141024,,37.3952062,126.6432506
259,cafe,purple,"인천광역시 연수구 송도문화로28번길 28, 201동 지상2층 216,217호 (송도동, 글로벌캠퍼스푸르지오)",설빙 글로벌캠퍼스점,영업,"인천광역시 연수구 송도동 190-2번지 글로벌캠퍼스푸르지오, 216호,217호 201동 ",운영중,20140825,,37.3772435,126.6546055
260,cafe,purple,"인천광역시 연수구 센트럴로 194, A동 지상2층 201호 (송도동, 더샵센트럴파크2)",설빙 센트럴파크점,폐업,"인천광역시 연수구 송도동 23-4번지 더샵센트럴파크2, 지상2층 A동 201호",폐업,20140826,20151229,37.3946302,126.6407177
261,cafe,purple,"인천광역시 연수구 아트센터대로 175 (송도동, 송도아이타워(G-Tower 본동) 2층 일부)",까페 제이에이알비(JARB),영업,인천광역시 연수구 송도동 24-4번지 송도아이타워(G-Tower 본동) 2층 일부 ,운영중,20130814,,37.4001714,126.6378289
262,cafe,purple,"인천광역시 연수구 인천타워대로 99, 지상1층 (송도동, 애니오션빌딩 (102호))",컵 오브 커피 송도점(Cup of Coffee),영업,인천광역시 연수구 송도동 11-104번지 애니오션빌딩 지상1층(102호) ,운영중,20140901,,37.4256467,126.6836586
263,cafe,purple,"인천광역시 연수구 센트럴로 194, C동 지상1층 105호 (송도동, 더샵센트럴파크2)",콜리브리,폐업,인천광역시 연수구 송도동 23-4번지 더샵센트럴파크2 C동 105호,폐업,20140905,20160111,37.3946302,126.6407177
264,cafe,purple,"인천광역시 연수구 테크노파크로 193, 지상1층 (송도동, 송도센트럴파크호텔)",로비라운지 파노라마(송도센트럴파크호텔),폐업,인천광역시 연수구 송도동 38번지 송도센트럴파크호텔 지상1층 ,폐업,20140911,20140922,37.387223,126.6438262
265,cafe,purple,"인천광역시 연수구 송도문화로28번길 28, 202동 지상1층 108호 (송도동, 송도글로벌캠퍼스푸르지오)",윤군커피,폐업,인천광역시 연수구 송도동 190-2번지 송도글로벌캠퍼스푸르지오 202동 108호,폐업,20140912,20170626,37.3772435,126.6546055
266,cafe,purple,"인천광역시 연수구 아카데미로 119, 지상2층 (송도동, 교수회관)",카페드림,폐업,인천광역시 연수구 송도동 12-1번지 지상2층(교수회관) ,폐업,20110317,20170320,37.3750804,126.632814
267,cafe,purple,"인천광역시 연수구 아트센터대로 149 (송도동, 커넬워크 102동 121호)",공차 커넬워크점,폐업,인천광역시 연수구 송도동 23-1번지 커넬워크 102동 121호 ,폐업,20130725,20170209,37.3978937,126.6353511
268,cafe,purple,"인천광역시 연수구 아트센터대로 149, 101동 지상1층 107호 (송도동, 커낼워크 D1)",차오름 송도커낼워크점,영업,인천광역시 연수구 송도동 23-1번지 커낼워크 D1 101동 107호,운영중,20141125,,37.3981307,126.6356333
269,cafe,purple,"인천광역시 연수구 센트럴로 350, 지상1층 (송도동)",스무디킹코리아,폐업,인천광역시 연수구 송도동 26-1번지 지상1층 ,폐업,20140730,20140805,37.3943277,126.640779
270,cafe,purple,"인천광역시 연수구 인천타워대로 323, D동 지상1층 102호 (송도동, 센트로드 상가)",이디야커피(EDIYA COFFEE),영업,인천광역시 연수구 송도동 30-3번지 센트로드 상가 D동 102호,운영중,20140325,,37.3994143,126.6297563
271,cafe,purple,"인천광역시 연수구 해돋이로 118, 지상1층 103호 (송도동, 마린프라자)",카페 옳음,폐업,인천광역시 연수구 송도동 3-31번지 마린프라자 103호,폐업,20140801,20170220,37.3922988,126.6495649
272,cafe,purple,"인천광역시 연수구 송도문화로 119, 지하1층 (송도동, 송도글로벌대학캠퍼스 기숙사B동)",테이크미아웃(Take me out),폐업,"인천광역시 연수구 송도동 187번지 승도글로벌대학캠퍼스, 지하1층 기숙사B동 ",폐업,20140401,20160429,37.3766797,126.6671464
273,cafe,purple,"인천광역시 연수구 신송로 122, 지상4층 (송도동, 송도프라자 405호 일부)",블럭스타,폐업,인천광역시 연수구 송도동 2-6번지 송도프라자 지상4층 405호 일부 ,폐업,20140610,20170117,37.3957141,126.6524444
274,cafe,purple,"인천광역시 연수구 송도과학로 32, A118호 (송도동, 송도테크노파크IT센타)",요거프레소 송도IT센타점,영업,인천광역시 연수구 송도동 172-1번지 송도테크노파크IT센타 A118호,운영중,20140128,,37.3814779,126.6631831
275,cafe,purple,"인천광역시 연수구 송도문화로28번길 28, 203동 지상1층 138호 (송도동, 글로벌캠퍼스푸르지오)",요거프레소 글로벌캠퍼스푸르지오점,영업,인천광역시 연수구 송도동 190-2번지 글로벌캠퍼스푸르지오 203동 138호,운영중,20140409,,37.3772435,126.6546055
276,cafe,purple,"인천광역시 연수구 컨벤시아대로 50, 지상1층 117호 (송도동, 송도푸르지오월드마크 1단지)",아낌없이 주는 나무,영업,인천광역시 연수구 송도동 20-22번지 송도푸르지오월드마크 1단지 117호,운영중,20131209,,37.3979448,126.6513925
277,cafe,purple,"인천광역시 연수구 컨벤시아대로 177 (송도동, 롯데마트 송도점 지상2층)",앤젤리너스 LM 송도점,영업,인천광역시 연수구 송도동 6-11번지 롯데마트 송도점 지상2층 ,운영중,20131212,,37.392921,126.646044
278,cafe,purple,"인천광역시 연수구 컨벤시아대로 69, 1층 (송도동, 송도밀레니엄빌딩, 116호일부)",윤군커피,영업,"인천광역시 연수구 송도동 3-1번지 송도밀레니엄빌딩, 116호일부 ",운영중,20140227,,37.3956611,126.6509535
279,cafe,purple,"인천광역시 연수구 아트센터대로 131 (송도동, 커낼워크 202동 159호)",카페159,영업,인천광역시 연수구 송도동 19-1번지 커낼워크 202동 159호 ,운영중,20121002,,37.3991807,126.6367117
280,cafe,purple,"인천광역시 연수구 아트센터대로 175, 지상1층 (송도동, G-Tower)",카페드림(인천송도G-Tower점),영업,인천광역시 연수구 송도동 24-4번지 G-Tower 1층 ,운영중,20130313,,37.3963539,126.6342116
281,cafe,purple,"인천광역시 연수구 센트럴로 263 (송도동, 송도국제업무단지 C8-2 업무복합시설(IBS빌딩, 11층 일부))",유니토스 BSC라운지(송도점),영업,"인천광역시 연수구 송도동 29-13번지 송도국제업무단지 C8-2 업무복합시설(IBS빌딩, 11층 일부) ",운영중,20140710,,37.3982989,126.6337295
282,cafe,purple,"인천광역시 연수구 신송로 122, 지상2층 209호 (송도동, 송도프라자)",엔크리스토,폐업,인천광역시 연수구 송도동 2-6번지 송도프라자 209호,폐업,20140307,20160721,37.3957141,126.6524444
283,cafe,purple,"인천광역시 연수구 인천타워대로 238, A동 지상1층 (송도동, 컴팩스마트시티)",인천연수지역자활센터 봄날,영업,인천광역시 연수구 송도동 24-7번지 컴팩스마트시티 지상1층 A동 ,운영중,20140307,,37.3928059,126.6358902
284,cafe,purple,"인천광역시 연수구 컨벤시아대로 60, 지상2층 201,202,203호 (송도동, 송도푸르지오월드마크2단지)",설화당(송도점),폐업,"인천광역시 연수구 송도동 20-23번지 송도푸르지오월드마크2단지,지상2층 201,202,203호 ",폐업,20140716,20151117,37.3973377,126.6506942
285,cafe,purple,"인천광역시 연수구 센트럴로 194, A동 지상1층 139, 140, 141 142호 (송도동, 센트럴파크2 )",투썸플레이스 송도센트럴파크점,영업,"인천광역시 연수구 송도동 23-4번지 센트럴파크2 139, 140, 141 142호 A동 ",운영중,20131226,,37.3946302,126.6407177
286,cafe,purple,"인천광역시 연수구 송도국제대로 157, 지하1층 A-B07호 (송도동)",홉슈크림,영업,인천광역시 연수구 송도동 168-2번지 오네스타 지하1층 A-B07호 ,운영중,20171206,,37.3811611,126.6568672
287,cafe,purple,"인천광역시 연수구 컨벤시아대로 81 (송도동, 드림시티 112호)",빽다방(PAIK'S COFFEE) 인천송도점,영업,인천광역시 연수구 송도동 3-2번지 드림시티 112호 ,운영중,20150312,,37.394591,126.6497562
288,cafe,purple,"인천광역시 연수구 아트센터대로 107 (송도동, 커낼워크 301동 121호)",바닐라빈(VANILLA BEAN),폐업,인천광역시 연수구 송도동 18-1번지 커낼워크 301동 121호 ,폐업,20150312,20170904,37.400785,126.637915
289,cafe,purple,"인천광역시 연수구 해돋이로 107 (송도동, 더샵퍼스트월드 D동 1호)",라 메종 드 레아(LA MAISON DE LEA),영업,인천광역시 연수구 송도동 4-1번지 더샵퍼스트월드 D동 1호 ,운영중,20150318,,37.3910848,126.6480396
290,cafe,purple,"인천광역시 연수구 컨벤시아대로 165 (송도동, NEAT TOWER 9층 일부)",카페오아시아 포스코대우점,영업,인천광역시 연수구 송도동 6-10번지 NEAT TOWER 9층 일부 ,운영중,20150319,,37.392921,126.646044
291,cafe,purple,"인천광역시 연수구 해돋이로 107 (송도동, 더샵퍼스트월드 F동 상가 12호 일부)",쿠키마켓,영업,인천광역시 연수구 송도동 4-1번지 더샵퍼스트월드 F동 상가 12호 일부 ,운영중,20150319,,37.3910848,126.6480396
292,cafe,purple,"인천광역시 연수구 센트럴로 194 (송도동, 더샵 센트럴파크2 A동 226호)",(주)어린농부딸기뮤지엄 송도점(까페),영업,인천광역시 연수구 송도동 23-4번지 더샵 센트럴파크2 A동 226호 ,운영중,20150325,,37.393689,126.6418962
293,cafe,purple,"인천광역시 연수구 컨벤시아대로 165 (송도동, NEAT TOWER 1층)",투썸송도동북아무역센터점,폐업,인천광역시 연수구 송도동 6-10번지 NEAT TOWER 1층 ,폐업,20150327,20151109,37.392921,126.646044
294,cafe,purple,"인천광역시 연수구 신송로125번길 13 (송도동, 아크리아 1층 107-1)",윤군커피,폐업,인천광역시 연수구 송도동 3-6번지 아크리아 1층 107-1 ,폐업,20150330,20170306,37.3944978,126.6511844
295,cafe,purple,"인천광역시 연수구 센트럴로 232 (송도동, 더샵센트럴파크 1 E동 212호)",마마살롱,폐업,인천광역시 연수구 송도동 23-3번지 더샵센트럴파크 1 E동 212호 ,폐업,20150330,20170822,37.3968551,126.6376186
296,cafe,purple,"인천광역시 연수구 컨벤시아대로130번길 14 (송도동, 송도플러스메디타워 104호 )",폴인스위트(Fall in Sweet),영업,인천광역시 연수구 송도동 22-19번지 송도플러스메디타워 104호 ,운영중,20150622,,37.3930369,126.6448037
297,cafe,purple,"인천광역시 연수구 송도문화로28번길 28, 201동 109,110호 (송도동, 글로벌캠퍼스푸르지오)",루즐리인더윈드(loosely in the wind),폐업,"인천광역시 연수구 송도동 190-2번지 글로벌캠퍼스푸르지오 201동 109,110호 ",폐업,20151124,20160329,37.3772435,126.6546055
298,cafe,purple,"인천광역시 연수구 신송로125번길 13, 아크리아 지상3층 302호 (송도동)",마리앤쥬(ZOO),영업,인천광역시 연수구 송도동 3-6번지 아크리아 지상3층 302호일부 ,운영중,20171229,,37.3944978,126.6511844
299,cafe,purple,"인천광역시 연수구 센트럴로 123 (송도동, 지상1층 전시장내)",주식회사 트립티,폐업,인천광역시 연수구 송도동 6-1번지 송도컨벤시아 지상1층 전시장내 ,폐업,20171115,20171119,37.3891199,126.6461628
300,cafe,purple,"인천광역시 연수구 컨벤시아대로 50, 푸르지오월드마크 1단지 지상1층 158호 (송도동, 푸르지오월드마크)","카페,륀느",영업,인천광역시 연수구 송도동 20-22번지 푸르지오월드마크 1단지 지상1층 158호 ,운영중,20171214,,37.3979448,126.6513925
301,cafe,purple,"인천광역시 연수구 센트럴로 194 (송도동, 센트럴파크2 A동 111호)",한스(HANS) 송도점,영업,인천광역시 연수구 송도동 23-4번지 센트럴파크2 A동 111호 ,운영중,20151106,,37.393689,126.6418962
302,cafe,purple,"인천광역시 연수구 컨벤시아대로 69, 132호 (송도동, 송도밀레니엄)",커피식스 쥬스식스,폐업,인천광역시 연수구 송도동 3-1번지 송도밀레니엄 132호,폐업,20151117,20171228,37.3956611,126.6509535
303,cafe,purple,"인천광역시 연수구 해돋이로 107 (송도동, 더샵퍼스트월드 H 동 10호)",커피에반하다,영업,인천광역시 연수구 송도동 4-1번지 더샵퍼스트월드 H 동 10호 ,운영중,20160404,,37.3910848,126.6480396
304,cafe,purple,"인천광역시 연수구 센트럴로 123 (송도동, 송도컨벤시아전시장내)",헬로팜(리엔제이),폐업,인천광역시 연수구 송도동 6-1번지 송도컨벤시아전시장내 ,폐업,20160331,20160414,37.3891199,126.6461628
305,cafe,purple,"인천광역시 연수구 센트럴로 123 (송도동, 컨벤시아전시장내)",(주)롯데리아 엔제리너스커피,폐업,인천광역시 연수구 송도동 6-1번지 ,폐업,20160331,20160414,37.3891199,126.6461628
306,cafe,purple,"인천광역시 연수구 첨단대로 80, A동 120호 (송도동, 아이에프이제트입주기업근로자기숙사)",이디야커피 송도라이크홈점,영업,인천광역시 연수구 송도동 207-3번지 아이에프이제트입주기업근로자기숙사 A동 120호,운영중,20161229,,37.3671515,126.6538259
307,cafe,purple,"인천광역시 연수구 센트럴로 123, 지상1층 (송도동, 송도컨벤시아 전시장내)",세븐스 에비뉴,폐업,인천광역시 연수구 송도동 6-1번지 송도컨벤시아 전시장내 지상1층 ,폐업,20171024,20171029,37.3881259,126.6460025
308,cafe,purple,"인천광역시 연수구 아트센터대로 149, 102동 지상1층 118호 (송도동, 커낼워크 D1(SPRING))",커피홀(Coffee Hole),영업,인천광역시 연수구 송도동 23-1번지 커낼워크 D1(SPRING) 지상1층 102동 118호,운영중,20170822,,37.3981307,126.6356333
309,cafe,purple,"인천광역시 연수구 송도국제대로 157, 지하1층 A-B08호 (송도동)",송도이디야 오네스타점,영업,인천광역시 연수구 송도동 168-2번지 오네스타 ,운영중,20171103,,37.3811611,126.6568672
310,cafe,purple,"인천광역시 연수구 센트럴로 123 (송도동, 지상1층 전시장내)",카페 따라주,폐업,인천광역시 연수구 송도동 6-1번지 송도컨벤시아 지상1층 전시장내 ,폐업,20171129,20171202,37.3891199,126.6461628
311,cafe,purple,"인천광역시 연수구 송도과학로16번길 33-4, D동 (송도동, 송도트리플스트리트 D동 지상6층 일부)",(주)지피엠 몬스터 송도지점,영업,인천광역시 연수구 송도동 176-5번지 송도트리플스트리트 D동 지상6층 일부 ,운영중,20170929,,37.3787776,126.6627003
312,cafe,purple,"인천광역시 연수구 센트럴로 160, 판매시설동 지상1층 130호 (송도동, 송도 센트럴파크 푸르지오)",피터펫 카페,영업,인천광역시 연수구 송도동 23-5번지 송도 센트럴파크 푸르지오 판매시설동 지상1층 130호 ,운영중,20170929,,37.3943277,126.640779
313,cafe,purple,"인천광역시 연수구 송도국제대로 165 (송도동, 지상1층 홈플러스 매장내)",(주)커피빈코리아 송도홈플러스점,영업,인천광역시 연수구 송도동 168-3번지 지상1층 홈플러스 매장내 ,운영중,20151013,,37.3848777,126.6587343
314,cafe,purple,"인천광역시 연수구 아트센터대로 149 (송도동, 커넬워크 101동 106호)",그리다꿈,영업,인천광역시 연수구 송도동 23-1번지 커넬워크 101동 106호 ,운영중,20160229,,37.3978937,126.6353511
315,cafe,purple,"인천광역시 연수구 인천타워대로 234 (송도동, 인천종합관광안내소 지상1층)",애인(AIN)카페,영업,인천광역시 연수구 송도동 24-7번지 인천종합관광안내소 지상1층 ,운영중,20161125,,37.3924657,126.6359872
316,cafe,purple,"인천광역시 연수구 컨벤시아대로391번길 20, 1층 (송도동, 송도제24호근린공원복합문화시설)",스위트 몬스터,영업,인천광역시 연수구 송도동 12-8번지 송도제24호근린공원복합문화시설 1층 ,운영중,20161222,,37.3712179,126.6303505
317,cafe,purple,"인천광역시 연수구 컨벤시아대로42번길 35, 716동 지상1층 103,104호 (송도동, 송도더샵그린애비뉴7단지)",폴제이,영업,"인천광역시 연수구 송도동 16-8번지 송도더샵그린애비뉴7단지 716동 103,1호",운영중,20170510,,37.3996729,126.6481462
318,cafe,purple,"인천광역시 연수구 송도과학로16번길 33-4, D동 지하1층 B120호 (송도동, 송도트리플스트리트)",인투스킨,영업,인천광역시 연수구 송도동 176-5번지 송도트리플스트리트 D동 B120호,운영중,20170511,,37.3787776,126.6627003
319,cafe,purple,"인천광역시 연수구 아트센터대로 149, 101동 301층 (송도동, 커넬워크D1 SPRING)",자이언트 아처리 리얼양궁카페,영업,인천광역시 연수구 송도동 23-1번지 커넬워크D1(SPRING) 101동 301호,운영중,20170630,,37.3981307,126.6356333
320,cafe,purple,"인천광역시 연수구 센트럴로 160, 판매시설동 지상1층 142,143호 (송도동, 송도 센트럴파크 푸르지오 )",탐앤탐스,영업,"인천광역시 연수구 송도동 23-5번지 송도 센트럴파크 푸르지오 판매시설동 142,143호 ",운영중,20170630,,37.3943277,126.640779
321,cafe,purple,"인천광역시 연수구 송도과학로16번길 33-1, A동 지상1,2층 105B,206B호 (송도동, 송도 트리플스트리트 )",스타벅스 송도트리플점,영업,"인천광역시 연수구 송도동 170-1번지 송도 트리플스트리트 A동 105B,호",운영중,20170704,,37.3797524,126.6610888
322,cafe,purple,"인천광역시 연수구 아트센터대로 131, 201동 지상2층 136호 (송도동, 커낼워크 D2 (SUMMER))",카페벵갈(CAFE BENGAL),영업,인천광역시 연수구 송도동 19-1번지 커낼워크 D2 (SUMMER) 201동 136호,운영중,20170628,,37.3993232,126.6369138
323,cafe,purple,"인천광역시 연수구 센트럴로 350, 지상1층 (송도동, 달빛축제공원내)",커피위드인,폐업,인천광역시 연수구 송도동 26-1번지 달빛축제공원내 ,폐업,20170803,20170813,37.3943277,126.640779
324,cafe,purple,"인천광역시 연수구 송도과학로16번길 33-4 (송도동, 디동 지하1층 105호 일부)",문박스,영업,인천광역시 연수구 송도동 176-5번지 디동 지하1층 105호 일부 ,운영중,20170711,,37.3787776,126.6627003
325,cafe,purple,"인천광역시 연수구 인천타워대로 60, 지상3층 (송도동, 송도 북일프라자1자 302호 일부 )",커피랑도서관 송도웰카운티점,영업,인천광역시 연수구 송도동 9-25번지 송도북일프라자 1차 302호 일부 ,운영중,20170809,,37.3786466,126.6454153
326,cafe,purple,"인천광역시 연수구 센트럴로 123 (송도동, 송도 컨벤시아전시장내 지상1층 일부)",캔디캔디(핫푸드),폐업,인천광역시 연수구 송도동 6-1번지 송도 컨벤시아전시장내 지상1층 일부 ,폐업,20170711,20170717,37.3891199,126.6461628
327,cafe,purple,"인천광역시 연수구 컨벤시아대로130번길 12, 지상1층 (송도동, 스위트리아 송도1동 104호 일부)",호놀룰루 쿠키 송도,영업,인천광역시 연수구 송도동 22-18번지 스위트리아 송도1동 지상1층 104호 일부 ,운영중,20170719,,37.3930411,126.642615
328,cafe,purple,"인천광역시 연수구 아트센터대로 107 (송도동, 커넬워크 301동 138호)",크리미몰랑,폐업,인천광역시 연수구 송도동 18-1번지 커넬워크 301동 138호 ,폐업,20150630,20170328,37.400785,126.637915
330,cafe,purple,"인천광역시 연수구 아카데미로 119 (송도동, 인천대학교 송도신캠퍼스 생명과학기술대학 29호관 B1층)",미유카페,영업,인천광역시 연수구 송도동 12-1번지 인천대학교 송도신캠퍼스 생명과학기술대학 29호관 B1층 ,운영중,20151102,,37.3750548,126.6328998
332,cafe,purple,"인천광역시 연수구 인천타워대로54번길 13 (송도동, 해승메디피아 102호)",뉴욕핫도그앤커피 송도웰카운티점,영업,인천광역시 연수구 송도동 9-18번지 해승메디피아 102호 ,운영중,20160226,,37.3791286,126.6463495
333,cafe,purple,"인천광역시 연수구 해돋이로 107 (송도동, 더샵퍼스트월드 E동 15호)",라미에,폐업,인천광역시 연수구 송도동 4-1번지 더샵퍼스트월드 E동 15호 ,폐업,20160523,20170421,37.3910848,126.6480396
334,cafe,purple,"인천광역시 연수구 컨벤시아대로42번길 29, 110호 (송도동, 에이스프라자1)",카페 미(cafe 美),영업,인천광역시 연수구 송도동 20-1번지 에이스프라자1 110호,운영중,20161109,,37.4013127,126.6467663
335,cafe,purple,"인천광역시 연수구 송도문화로 119 (송도동, 인천글로벌캠퍼스 지원시설 지하1층(B1096호))",공정무역 나눔카페(NANUM CAFE)인천글로벌캠퍼스점,영업,인천광역시 연수구 송도동 187번지 인천글로벌캠퍼스 지원시설 지하1층(B1096호) ,운영중,20161201,,37.375307,126.668028
336,cafe,purple,"인천광역시 연수구 컨벤시아대로391번길 20 (송도동, 송도제24호근린공원복합문화시설 지상1층 일부)",카페드라뻬티룸,영업,인천광역시 연수구 송도동 12-8번지 송도제24호근린공원복합문화시설 지상1층 일부 ,운영중,20170414,,37.3712179,126.6303505
337,cafe,purple,"인천광역시 연수구 송도과학로16번길 33-4, D동 지하1층 (송도동, 송도트리플스트리트 B121호일부)",야미요호(Yummy YOHO),폐업,"인천광역시 연수구 송도동 176-5번지 송도트리플스트리트 B121호일부, 지하1층 ",폐업,20170428,20170609,37.3787776,126.6627003
338,cafe,purple,"인천광역시 연수구 센트럴로 123 (송도동, 송도컨벤시아전시장 지상1층 일부)",익스트림커피,폐업,인천광역시 연수구 송도동 6-1번지 송도컨벤시아전시장 지상1층 일부 ,폐업,20170428,20170501,37.3891199,126.6461628
339,cafe,purple,"인천광역시 연수구 송도국제대로 123 (송도동, 현대프리미엄아울렛 지하1층일부)",백미당 현대아울렛송도점,영업,인천광역시 연수구 송도동 168-1번지 현대프리미엄아울렛 지하1층일부 ,운영중,20170428,,37.3848777,126.6587343
340,cafe,purple,"인천광역시 연수구 송도과학로16번길 33-2, B동 지상1,2층 134b, 209b호 (송도동, 송도트리플스트리트)",투썸플레이스 송도트리플스트리트점,영업,"인천광역시 연수구 송도동 174-3번지 송도트리플스트리트 B동 134b,호",운영중,20170428,,37.3797524,126.6610888
341,cafe,purple,"인천광역시 연수구 송도과학로16번길 33-4, D동 지상1,2층 119,207호 (송도동, 송도트리플스트리트)",(주)커피빈코리아 송도트리플스트리트점,영업,"인천광역시 연수구 송도동 176-5번지 송도트리플스트리트 지상1,2층 D동 119,2호",운영중,20170428,,37.3787776,126.6627003
342,cafe,purple,"인천광역시 연수구 송도과학로16번길 33-4, D동 지상2층 (송도동, 송도트리플스트리프 204호일부)",미스터힐링카페,영업,인천광역시 연수구 송도동 176-5번지 송도트리플스트리프 지상2층 204호일부 D동 ,운영중,20170519,,37.3787776,126.6627003
343,cafe,purple,"인천광역시 연수구 송도과학로16번길 33-4, 지상2층 213호 (송도동, 송도트리플스트리트 D동)",희차 송도트리플스트리트점,폐업,인천광역시 연수구 송도동 176-5번지 송도트리플스트리트 D동 지상2층 213호 ,폐업,20170502,20170823,37.3787776,126.6627003
344,cafe,purple,"인천광역시 연수구 송도과학로16번길 33-4, D동 지상1층 117호 (송도동, 송도트리플스트리트)",GS25 송도트리플점,영업,인천광역시 연수구 송도동 176-5번지 송도트리플스트리트 지상1층 D동 117호,운영중,20170502,,37.3787776,126.6627003
345,cafe,purple,"인천광역시 연수구 송도과학로16번길 33-3, C동 지상1,2층 123b,220b호 (송도동, 송도트리플스트리트)",이코복스커피,영업,"인천광역시 연수구 송도동 176-1번지 송도트리플스트리트 지상1,2층 C동 123b,호",운영중,20170502,,37.3797524,126.6610888
346,cafe,purple,"인천광역시 연수구 송도과학로16번길 33-3, C동 지하2층 B214a호 (송도동, 송도트리플스트리트)",주시브로스 송도트리플스트리트점,영업,인천광역시 연수구 송도동 176-1번지 송도트리플스트리트 C동 B214a호,운영중,20170426,,37.3797524,126.6610888
347,cafe,purple,"인천광역시 연수구 송도국제대로 123 (송도동, 현대프리미엄아울렛송도점 지하1층일부)",하와이쉐이브,폐업,인천광역시 연수구 송도동 168-1번지 현대프리미엄아울렛송도점 지하1층일부 ,폐업,20170710,20170808,37.3848777,126.6587343
348,cafe,purple,"인천광역시 연수구 송도과학로16번길 33-1, A동 지하2층 (송도동, 송도트리플스트리트 B204호일부)",다락방커피,영업,인천광역시 연수구 송도동 170-1번지 송도트리플스트리트 B204호일부 ,운영중,20170614,,37.3797524,126.6610888
349,cafe,purple,"인천광역시 연수구 센트럴로 123 (송도동, 송도컨벤시아 지상1층 전시장내)",오니기리 엔지니어링(Onigiri Engineering),폐업,인천광역시 연수구 송도동 6-1번지 송도컨벤시아 지상1층 전시장내 ,폐업,20170721,20170724,37.3891199,126.6461628
350,cafe,purple,"인천광역시 연수구 송도과학로 85 (송도동, 연세대학교 송도국제화복합단지 제1기숙사 지하1층 일부)",삼성웰스토리(주)연세대송도아라샘1,영업,인천광역시 연수구 송도동 162-1번지 연세대학교 송도국제화복합단지 제1기숙사 지하1층 일부 ,운영중,20170831,,37.3825244,126.6711298
351,cafe,purple,"인천광역시 연수구 센트럴로 123 (송도동, 송도컨벤시아 전시장 지상1층일부)",카페큐브,폐업,인천광역시 연수구 송도동 6-1번지 송도컨벤시아 전시장 지상1층일부 ,폐업,20170712,20170717,37.3891199,126.6461628
352,cafe,purple,"인천광역시 연수구 센트럴로 350 (송도동, 달빛축제공원내)",(주)롯데리아 엔제리너스커피,폐업,인천광역시 연수구 송도동 26-1번지 달빛축제공원내 ,폐업,20170825,20170902,37.3943277,126.640779
353,cafe,purple,"인천광역시 연수구 센트럴로 350 (송도동, 달빛축제공원내)",엔제리너스커피,폐업,인천광역시 연수구 송도동 26-1번지 달빛축제공원내 ,폐업,20170825,20170902,37.3943277,126.640779
354,cafe,purple,"인천광역시 연수구 송도국제대로 123 (송도동, 현대프리미엄 아울렛 지상1층 일부)",공정무역 나눔카페,폐업,인천광역시 연수구 송도동 168-1번지 현대프리미엄 아울렛 지상1층 일부 ,폐업,20170912,20170917,37.3848777,126.6587343
355,cafe,purple,"인천광역시 연수구 컨벤시아대로 116, 지상1층 112호 (송도동, 송도 푸르지오 월드마크 7단지 )",쁘띠롱 제과점,영업,인천광역시 연수구 송도동 22-21번지 송도 푸르지오 월드마크 7단지 112호,운영중,20170912,,37.3932555,126.6462388
356,cafe,purple,"인천광역시 연수구 센트럴로 160, 판매시설동 지상1층 178호 (송도동, 송도 센트럴파크 푸르지오)",비체린(Bicerin),영업,인천광역시 연수구 송도동 23-5번지 송도 센트럴파크 푸르지오 판매시설동 지상1층 178호,운영중,20170912,,37.3943277,126.640779
357,conv,white,"인천광역시 연수구 송도미래로 30 (송도동, 스마트밸리 F동 114호)",위드미 송도스마트밸리,영업,인천광역시 연수구 송도동 214번지 스마트밸리 F동 114호 ,운영중,20150910,,37.3659652,126.6483186
360,conv,white,"인천광역시 연수구 아카데미로 119, 지하1층 (송도동, 인천대학교 송도신캠퍼스 공과대학)",인천대생협 공대점 GS25,영업,인천광역시 연수구 송도동 12-1번지 인천대학교 송도신캠퍼스 공과대학 지하1층 ,운영중,20170320,,37.3750804,126.632814
361,conv,white,"인천광역시 연수구 아카데미로 119, 1층 (송도동, 인천대학교 송도신캠퍼스 기숙사)",인천대생협 기숙사점 GS25,폐업,"인천광역시 연수구 송도동 12-1번지 인천대학교 송도신캠퍼스 기숙사, 지상1층 ",폐업,20170320,20170418,37.3750804,126.632814
362,conv,white,"인천광역시 연수구 아카데미로 119, 1층 (송도동, 인천대학교 송도신캠퍼스 자연대학)",인천대생협 자연대점 GS25,폐업,인천광역시 연수구 송도동 12-1번지 인천대학교 송도신캠퍼스 자연대학 지상1층 ,폐업,20170320,20170418,37.3750804,126.632814
363,conv,white,"인천광역시 연수구 아카데미로 119, 1층 (송도동, 인천대학교 송도신캠퍼스 복지회관)",인천대생협 복지회관점 GS25,영업,인천광역시 연수구 송도동 12-1번지 인천대학교 송도신캠퍼스 복지회관 지상1층 ,운영중,20170320,,37.3750804,126.632814
364,conv,white,"인천광역시 연수구 아카데미로 119, 1층 (송도동, 인천대학교 송도신캠퍼스 사회,법과대학)",인천대생협 사회대점 GS25,영업,"인천광역시 연수구 송도동 12-1번지 인천대학교 송도신캠퍼스 사회,법과대학 지상1층 ",운영중,20170320,,37.3750804,126.632814
365,conv,white,"인천광역시 연수구 인천타워대로54번길 3, 1층 103호 (송도동, 메트로프라자)",지에스(GS)25 송도메트로점,영업,인천광역시 연수구 송도동 9-26번지 메트로프라자 103호,운영중,20170322,,37.3785302,126.6456342
367,conv,white,"인천광역시 연수구 아트센터대로 203, 123호 (송도동, 송도센트럴파크 푸르지오시티)",미니스톱송도센트럴점,영업,인천광역시 연수구 송도동 83번지 송도센트럴파크 푸르지오시티 ,운영중,20161028,,37.4001714,126.6378289
372,conv,white,"인천광역시 연수구 하모니로 124, 107호 (송도동)",GS25 송도하모니점,폐업,인천광역시 연수구 송도동 8-19번지 107호,폐업,20161117,20170622,37.3788938,126.6388452
374,conv,white,"인천광역시 연수구 송도문화로84번길 24, 상가동 105,106호 (송도동, 송도에듀포레푸르지오)",GS25 에듀포레점,영업,"인천광역시 연수구 송도동 191-4번지 송도에듀포레푸르지오상가동 105,106호 ",운영중,20170109,,37.4013127,126.6467663
375,conv,white,"인천광역시 연수구 송도문화로28번길 81, 114동 101호 (송도동, 더샵그린스퀘어)",GS25 송도스퀘어점,영업,인천광역시 연수구 송도동 192-1번지 더샵그린스퀘어 114동 101호 ,운영중,20170210,,37.3714817,126.6532338
376,conv,white,"인천광역시 연수구 아트센터대로 203 (송도동, 송도센트럴파크푸르지오시티 117호)",씨유송도푸르지오시티점,영업,인천광역시 연수구 송도동 83번지 송도센트럴파크푸르지오시티 117호 ,운영중,20150720,,37.4001714,126.6378289
377,conv,white,"인천광역시 연수구 신송로6번길 7, 상가동 104-1호 (송도동, 성지리벨루스)",지에스(GS)25 송도성지점,영업,인천광역시 연수구 송도동 2-12번지 성지리벨루스 상가동 104-1호 ,운영중,20170203,,37.3893465,126.6622846
378,conv,white,"인천광역시 연수구 해송로 143, 136동 지상1층 1-1호 (송도동, 송도웰카운티1단지)",세븐일레븐 송도웰카운티점,영업,인천광역시 연수구 송도동 9-31번지 송도웰카운티1단지 지상1층 136동 1-1호,운영중,20171218,,37.3774137,126.6482229
384,conv,white,"인천광역시 연수구 아트센터대로 203, 106호 (송도동, 송도센트럴파크푸르지오시티)",GS25 송도푸르지오시티점,영업,인천광역시 연수구 송도동 83번지 송도센트럴파크푸르지오시티 106호 ,운영중,20160920,,37.4001714,126.6378289
387,conv,white,"인천광역시 연수구 새말로35번길 22 (연수동,지상1층)",예스플러스 인천연수점,폐업,인천광역시 연수구 연수동 554번지 지상1층 ,폐업,20110708,20150205,37.4226245,126.6740542
389,conv,white,"인천광역시 연수구 송도문화로28번길 81, 113동 지상1층 114호 (송도동, 더샵그린스퀘어 )",미니스톱 송도그린스퀘어점,영업,인천광역시 연수구 송도동 192-1번지 더샵그린스퀘어 113동 114호,운영중,20140929,,37.3714817,126.6532338
390,conv,white,"인천광역시 연수구 컨벤시아대로42번길 12 (송도동, 송도더프라우 202동 109호)",씨유송도더프라우점,영업,인천광역시 연수구 송도동 15-11번지 송도더프라우 202동 109호 ,운영중,20130515,,37.4013085,126.648955
391,conv,white,"인천광역시 연수구 송도과학로27번길 30, 상가동 지상1층 104,105호 (송도동, 한진월드뷰해모로)",씨유 송도해모로점,폐업,"인천광역시 연수구 송도동 157번지 한진월드뷰해모로 상가동 104,5호",폐업,20141118,20170426,37.3875539,126.6640815
394,conv,white,"인천광역시 연수구 컨벤시아대로 69, 지상1층 126호 (송도동, 송도밀레니엄)",CU송도밀레니엄점,폐업,인천광역시 연수구 송도동 3-1번지 송도밀레니엄 126호,폐업,20140205,20150918,37.3956611,126.6509535
401,conv,white,"인천광역시 연수구 해돋이로 107 (송도동,더샵퍼스트월드 B동 상가1호 (지상1층))",미니스톱 송도포스코점,폐업,인천광역시 연수구 송도동 4-1번지 더샵퍼스트월드 B동 상가1호 (지상1층) ,폐업,20111028,20141217,37.3910848,126.6480396
402,conv,white,"인천광역시 연수구 아트센터대로 107, 302동 165호 (송도동, 커낼워크 D3)",씨유 송도커낼워크점,영업,인천광역시 연수구 송도동 18-1번지 커낼워크 D3 302동 165호 ,운영중,20130129,,37.400886,126.6386
406,conv,white,"인천광역시 연수구 송도과학로27번길 55 (송도동, 롯데캐슬캠퍼스타운 302 D-108호)",gs25 캠퍼스타운,폐업,인천광역시 연수구 송도동 149번지 롯데캐슬캠퍼스타운 302 D-108호 ,폐업,20160523,20160614,37.3880544,126.6651321
407,conv,white,"인천광역시 연수구 컨벤시아대로42번길 27, 지상1층 (송도동, 에이스프라자2  104호일부)",CU송도에이스점,영업,인천광역시 연수구 송도동 20-2번지 에이스프라자2  104호일부 ,운영중,20170531,,37.3988562,126.6486068
408,conv,white,"인천광역시 연수구 하모니로 124 (송도동, 송도타운 107호 일부)",지에스 25 송도하모니점,영업,인천광역시 연수구 송도동 8-19번지 송도타운 107호 일부 ,운영중,20170623,,37.3788938,126.6388452
410,conv,white,"인천광역시 연수구 센트럴로 350 (송도동, 달빛축제공원내)",세븐일레븐 송도페스타점,폐업,인천광역시 연수구 송도동 26-1번지 달빛축제공원내 ,폐업,20170823,20170902,37.3943277,126.640779
411,edu,yellow,"인천광역시 연수구 송도과학로51번길 136, 지상1층 (송도동, 송도캐슬&해모로 단지내)",연세햇살어린이집,영업,"인천광역시 연수구 송도동 161-3번지 송도캐슬&해모로 단지내, 지상1층 ",운영중,20150512,,37.3844804,126.6748725
412,edu,yellow,"인천광역시 연수구 송도문화로28번길 81, 지상1층 (송도동, 더샵그린스퀘어 아파트단지내)",그린숲어린이집,영업,인천광역시 연수구 송도동 192-1번지 더샵그린스퀘어 아파트단지내 ,운영중,20150907,,37.3714817,126.6532338
413,edu,yellow,"인천광역시 연수구 인천타워대로54번길 15-7, 지상1층 (송도동)",인천연수생명숲어린이집,영업,인천광역시 연수구 송도동 9-15번지 지상1층 ,운영중,20150902,,37.4016814,126.6723366
414,edu,yellow,"인천광역시 연수구 송도과학로27번길 55, 502동 1층 (송도동, 롯데캐슬캠퍼스타운)",국공립캠퍼스타운어린이집,영업,인천광역시 연수구 송도동 149번지 롯데캐슬캠퍼스타운(1층) 502동 ,운영중,20170302,,37.3880544,126.6651321
415,edu,yellow,"인천광역시 연수구 해돋이로 130 (송도동, 해양경찰청사본관동)",중부해양경비안전본부어린이집,영업,인천광역시 연수구 송도동 3-8번지 해양경찰청사본관동 ,운영중,20170316,,37.3933835,126.6491176
416,edu,yellow,"인천광역시 연수구 해돋이로120번길 16, 관리동 1층 (송도동, 송도풍림아이원)",행복한 어린이집,영업,인천광역시 연수구 송도동 3-10번지 송도풍림아이원 관리동 1층 ,운영중,20160405,,37.3933302,126.6519879
417,edu,yellow,"인천광역시 연수구 컨벤시아대로274번길 35, 1층 (송도동, 송도 더샵 마스터뷰 22BL)",국공립 마스터뷰 2단지 어린이집,영업,인천광역시 연수구 송도동 111번지 송도 더샵 마스터뷰 22BL 1층 ,운영중,20170228,,37.3813301,126.6330297
418,edu,yellow,"인천광역시 연수구 아카데미로 119 (송도동, 인천대학교 25호관)",인천대학교 해둥실어린이집,영업,인천광역시 연수구 송도동 12-1번지 인천대학교 25호관 ,운영중,20170208,,37.3750548,126.6328998
419,edu,yellow,"인천광역시 연수구 아트센터대로97번길 15, 1106동 1층 (송도동, 더샵그린워크2차)",구립 그린워크2차 어린이집,영업,인천광역시 연수구 송도동 17-3번지 더샵그린워크2차 1106동 1층 ,운영중,20160229,,37.4016814,126.6723366
420,edu,yellow,"인천광역시 연수구 아트센터대로97번길 30, 1605동 1층 (송도동, 더샵그린워크1차)",구립그린워크1차어린이집,영업,인천광역시 연수구 송도동 18-6번지 더샵그린워크1차 1605동 ,운영중,20160328,,37.3987054,126.6402528
421,edu,yellow,"인천광역시 연수구 컨벤시아대로42번길 77 (송도동,지상1층)",포스코 나라 어린이집,영업,인천광역시 연수구 송도동 16-6번지 지상1층 ,운영중,20110926,,37.401799,126.6447289
422,edu,yellow,"인천광역시 연수구 아카데미로 119 (송도동, 인천대학교 25호관)",인천대학교 해둥실어린이집,폐업,인천광역시 연수구 송도동 12-1번지 인천대학교 25호관 ,폐업 등,20130321,20170208,37.3750548,126.6328998
423,edu,yellow,"인천광역시 연수구 첨단대로 125, 1층 (송도동)",삼성바이오드림파크어린이집,영업,인천광역시 연수구 송도동 201-2번지 1층 ,운영중,20160304,,37.4016814,126.6723366
424,edu,yellow,"인천광역시 연수구 송도교육로 27, 지상4층 (송도동)",송도국제유치원,영업,인천광역시 연수구 송도동 191-8번지 지상4층 ,운영중,20150708,,37.383916,126.6416659
425,edu,yellow,"인천광역시 연수구 센트럴로 233, 4층 (송도동)",글로벌레인보우 유치원,영업,인천광역시 연수구 송도동 24-10번지 4층 ,운영중,20160310,,37.3943277,126.640779
426,edu,yellow,"인천광역시 연수구 컨벤시아대로302번길 23, 1층 (송도동, 인천예송유치원)",인천예송유치원,영업,인천광역시 연수구 송도동 115-1번지 인천예송유치원 1층 ,운영중,20160901,,37.3811302,126.6288072
427,edu,yellow,"인천광역시 연수구 아트센터대로97번길 75, 지상1층 (송도동, 송도 더샵 하버뷰 13단지 관리동)",더샵감동어린이집,영업,인천광역시 연수구 송도동 17-5번지 송도 더샵 하버뷰 13단지 관리동 ,운영중,20171020,,37.398166,126.6463798
428,edu,yellow,"인천광역시 연수구 센트럴로 232, 102동 지상1층 (송도동, 더샵센트럴파크1)",센트럴파크1 어린이집,영업,인천광역시 연수구 송도동 23-3번지 더샵센트럴파크1 102동 ,운영중,20170630,,37.396669,126.6377988
429,edu,yellow,"인천광역시 연수구 해돋이로 107 (송도동,더�俟蚌뵈�월드  H동 지상1층)",포스코어린이집,영업,인천광역시 연수구 송도동 4-1번지 더�俟蚌뵈�월드  H동 지상1층 ,운영중,20110524,,37.3910848,126.6480396
430,edu,yellow,"인천광역시 연수구 컨벤시아대로42번길 95 (송도동,지상1층)",포스코세상 어린이집,영업,인천광역시 연수구 송도동 16-4번지 지상1층 ,운영중,20111004,,37.391089,126.6458509
431,edu,yellow,"인천광역시 연수구 아트센터대로 175 (송도동, G-Tower 문화동 1층 일부)",햇빛나무 어린이집,영업,인천광역시 연수구 송도동 24-4번지 G-Tower 문화동 1층 일부 ,운영중,20130912,,37.4001714,126.6378289
432,edu,yellow,"인천광역시 연수구 인천타워대로 241 (송도동, 포스코건설사옥 2층)",포키즈어린이집,영업,인천광역시 연수구 송도동 36번지 포스코건설사옥 2층 ,운영중,20131010,,37.3925345,126.6343135
433,edu,yellow,"인천광역시 연수구 해송로30번길 19, 311동 지상1층 (송도동, 웰카운티송도3단지)",아띠어린이집,영업,"인천광역시 연수구 송도동 9-6번지 웰카운티송도3단지,지상1층 311동 ",운영중,20140911,,37.3810196,126.6470358
434,edu,yellow,"인천광역시 연수구 컨벤시아대로42번길 96, 608동 지상1층 (송도동, 더�乍♡뵈態팎컷�6단지)",포스코아이어린이집,영업,"인천광역시 연수구 송도동 15-2번지 더�乍♡뵈態팎컷�6단지, 지상1층 608동 ",운영중,20140926,,37.4044602,126.6445351
436,edu,yellow,"인천광역시 연수구 해송로30번길 20 (송도동,송도웰카운티 4단지 412동 지하1층)",이든아이어린이집,영업,인천광역시 연수구 송도동 9-5번지 송도웰카운티 4단지 412동 지하1층 ,운영중,20110413,,37.3791214,126.6455369
437,edu,yellow,"인천광역시 연수구 아트센터대로97번길 75 (송도동, 더샵하버뷰아파트 13단지 관리동내)",더샵어린이집,폐업,인천광역시 연수구 송도동 17-5번지 더샵하버뷰아파트 13단지 관리동내 ,폐업 등,20120828,20171020,37.3981702,126.6441911
438,edu,yellow,"인천광역시 연수구 센트럴로 194, 201동 (송도동, 센트럴파크2 1층)",더샵향기어린이집,영업,인천광역시 연수구 송도동 23-4번지 센트럴파크2  1층 201동 ,운영중,20130422,,37.3946302,126.6407177
439,edu,yellow,"인천광역시 연수구 송도과학로27번길 30, 307동 지상1층 (송도동, 송도해모로월드뷰, (관리동))",롤리폴리키즈어린이집,영업,"인천광역시 연수구 송도동 157번지 송도해모로월드뷰, 지상1층(관리동) 307동 ",운영중,20140521,,37.3875539,126.6640815
440,edu,yellow,"인천광역시 연수구 송도문화로28번길 28, 302동 지상1층 (송도동, 글로벌캠퍼스푸르지오)",글로벌 키즈 어린이집,영업,인천광역시 연수구 송도동 190-2번지 글로벌캠퍼스푸르지오 지상1층 302동 ,운영중,20141110,,37.3772435,126.6546055
441,edu,yellow,"인천광역시 연수구 컨벤시아대로 165, 지상2층 (송도동, NEAT TOWER)",니트꿈나무어린이집,영업,"인천광역시 연수구 송도동 6-10번지 NEAT TOWER,지상2층 ",운영중,20150305,,37.392921,126.646044
442,edu,yellow,"인천광역시 연수구 컨벤시아대로252번길 15, 지상1층 (송도동)",인천송일초등학교,영업,인천광역시 연수구 송도동 107번지 지상1층 ,운영중,20150831,,37.3839335,126.6353497
443,edu,yellow,"인천광역시 연수구 송도교육로 111-15, 1층 (송도동)",인천재능대학교 송도캠퍼스,영업,인천광역시 연수구 송도동 196-1번지 1층 ,운영중,20160805,,37.3697894,126.6625809
444,edu,yellow,"인천광역시 연수구 송도교육로 20, 2층 (송도동, 첨단초등학교)",첨단초등학교,영업,인천광역시 연수구 송도동 192-3번지 첨단초등학교 2층 ,운영중,20170228,,37.3825001,126.6438184
445,edu,yellow,"인천광역시 연수구 아카데미로 212, 1층 (송도동)",인천예송중학교,영업,인천광역시 연수구 송도동 114-1번지 1층 ,운영중,20170227,,37.3780195,126.6286979
446,edu,yellow,인천광역시 연수구 해돋이로 248 (송도동),인천연송초등학교,영업,인천광역시 연수구 송도동 18-4번지 ,운영중,20160229,,37.4000822,126.6372063
447,edu,yellow,"인천광역시 연수구 아카데미로 119, 지상2층 (송도동, 교수회관)",인천대학교 교직원식당,폐업,인천광역시 연수구 송도동 12-1번지 교수회관 (지상2층) ,폐업 등,20101008,20170830,37.3750804,126.632814
448,edu,yellow,인천광역시 연수구 아카데미로 192 (송도동),인천과학예술영재학교,영업,인천광역시 연수구 송도동 115번지 ,운영중,20160229,,37.3780195,126.6286979
449,edu,yellow,인천광역시 연수구 해돋이로84번길 33 (송도동),인천먼우금초등학교,영업,인천광역시 연수구 송도동 3-12번지 ,운영중,20050422,,37.3932489,126.6518728
450,edu,yellow,"인천광역시 연수구 해돋이로56번길 28 (송도동,(지상1층))",인천신송초등학교,영업,인천광역시 연수구 송도동 3-42번지 (지상1층) ,운영중,20060327,,37.3905784,126.6576446
451,edu,yellow,"인천광역시 연수구 아트센터대로97번길 72 (송도동,지상1층)",인천신정초등학교,영업,인천광역시 연수구 송도동 18-8번지 지상1층 ,운영중,20100831,,37.3969385,126.6443679
452,edu,yellow,"인천광역시 연수구 아카데미로 119, 지상1층 (송도동)",인천대학교 기숙사 식당,폐업,인천광역시 연수구 송도동 12-1번지 지상1층 ,폐업 등,20100930,20170830,37.3750804,126.632814
453,edu,yellow,"인천광역시 연수구 아카데미로 119, 지상1층 (송도동, 복지회관)",인천대학교 학생식당,폐업,인천광역시 연수구 송도동 12-1번지 인천대학교 복지회관 지상1층 ,폐업 등,20100930,20170830,37.3750804,126.632814
454,edu,yellow,인천광역시 연수구 컨벤시아대로42번길 80 (송도동),인천신정중학교,영업,인천광역시 연수구 송도동 15-3번지 ,운영중,20110304,,37.3969427,126.6421792
455,edu,yellow,인천광역시 연수구 인천타워대로54번길 15-5 (송도동),인천명선초등학교,영업,인천광역시 연수구 송도동 15-5번지 지상1층 ,운영중,20120217,,37.4026921,126.645151
456,edu,yellow,"인천광역시 연수구 컨벤시아대로42번길 72, 1층 (송도동)",인천연송고등학교,영업,인천광역시 연수구 송도동 15-4번지 1층 ,운영중,20130228,,37.4029087,126.6465938
457,edu,yellow,인천광역시 연수구 송도과학로51번길 60 (송도동),인천송원초등학교,영업,인천광역시 연수구 송도동 162-2번지 ,운영중,20130228,,37.3861275,126.6691807
458,edu,yellow,"인천광역시 연수구 송도과학로 51-102, 2층 (송도동)",박문중학교,영업,인천광역시 연수구 송도동 161-1번지 지상2층 ,운영중,20140224,,37.3853292,126.6724266
459,edu,yellow,"인천광역시 연수구 송도교육로 19, 1층 (송도동)",인천 송명초등학교,영업,인천광역시 연수구 송도동 191-5번지 ,운영중,20140225,,37.3743532,126.6562392
460,edu,yellow,"인천광역시 연수구 송도과학로51번길 16, 지상1층 (송도동)",박문여자고등학교,영업,인천광역시 연수구 송도동 162-3번지 지상1층 ,운영중,20150217,,37.3827057,126.6660438
461,edu,yellow,"인천광역시 연수구 아카데미로 119, 지상1층 (송도동)",인천대학교 기숙사식당,영업,인천광역시 연수구 송도동 12-1번지 ,운영중,20170830,,37.3750804,126.632814
462,edu,yellow,"인천광역시 연수구 아카데미로 119, 지상1층 (송도동, 복지회관 내)",인천대학교 학생식당,영업,인천광역시 연수구 송도동 12-1번지 지상1층 복지회관 내 ,운영중,20170830,,37.3750804,126.632814
463,edu,yellow,"인천광역시 연수구 아카데미로 119, 지상2층 (송도동, 교수회관 내)",인천대학교 교직원식당,영업,인천광역시 연수구 송도동 12-1번지 지상2층 교수회관 내 ,운영중,20170830,,37.3750804,126.632814
464,edu,yellow,"인천광역시 연수구 갯벌로 12, 지하1층 (송도동, 미추홀타워 별관A동)",인천대학교 사범대식당,영업,인천광역시 연수구 송도동 7-50번지 미추홀타워 별관 A동 지하1층 ,운영중,20151110,,37.3820842,126.6546632
465,edu,yellow,"인천광역시 연수구 아카데미로 119 (송도동, 27호관 4층)",인천대학교 카페테리아식당,영업,인천광역시 연수구 송도동 12-1번지 27호관 4층 ,운영중,20151110,,37.3750548,126.6328998
466,edu,yellow,인천광역시 연수구 인천타워대로54번길 46 (송도동),인천해송초등학교,영업,인천광역시 연수구 송도동 9-27번지 ,운영중,20070823,,37.3809406,126.6492568
467,edu,yellow,인천광역시 연수구 해송로 148 (송도동),인천해송중학교,영업,인천광역시 연수구 송도동 9-28번지 ,운영중,20090302,,37.3798851,126.6482014
468,edu,yellow,인천광역시 연수구 해송로 20 (송도동),인천해송고등학교,영업,인천광역시 연수구 송도동 9-4번지 ,운영중,20100308,,37.3824959,126.6460071
469,edu,yellow,"인천광역시 연수구 아트센터대로97번길 45, 지하1층 (송도동, 초중고등학교건물)",채드윅송도국제학교,영업,인천광역시 연수구 송도동 17-4번지 초중고등학교건물 ,운영중,20100901,,37.3995338,126.6444239
470,edu,yellow,"인천광역시 연수구 송도과학로 85 (송도동, 연세대학교 제2기숙사)",연세대학교 국제캠퍼스,영업,인천광역시 연수구 송도동 162-1번지 연세대학교 제2기숙사 ,운영중,20140225,,37.3825244,126.6711298
471,edu,yellow,"인천광역시 연수구 컨벤시아대로42번길 50, 지상1층 (송도동)",인천포스코고등학교,영업,인천광역시 연수구 송도동 15-6번지 지상1층 ,운영중,20150217,,37.4013085,126.648955
472,fastfood,black,"인천광역시 연수구 송도과학로27번길 55 (송도동, 롯데캐슬캠퍼스타운 301동 B-124호일부)",수타5900 캠퍼스타운점,영업,인천광역시 연수구 송도동 149번지 301통롯데캐슬캠퍼스타운 B-124호 일부 ,운영중,20170327,,37.3880544,126.6651321
476,fastfood,black,"인천광역시 연수구 송도국제대로 123 (송도동, 현대프리미엄아울렛 지하1층)",버거킹 송도현대아울렛,영업,인천광역시 연수구 송도동 168-1번지 현대프리미엄아울렛 지하1층 ,운영중,20160422,,37.3848777,126.6587343
477,fastfood,black,"인천광역시 연수구 송도국제대로 123 (송도동, 현대프리미엄 아울렛 송도점 지상1층 일부)",씨앗 호떡,영업,인천광역시 연수구 송도동 168-1번지 현대프리미엄 아울렛 송도점 지상1층 일부 ,운영중,20171101,,37.3848777,126.6587343
478,fastfood,black,"인천광역시 연수구 컨벤시아대로 80, 402동 지상1층 (송도동, 인천송도힐스테이트 112호 일부)",앙버거띠,영업,인천광역시 연수구 송도동 21-60번지 인천송도힐스테이트 402동 112호,운영중,20170914,,37.395753,126.64898
481,fastfood,black,"인천광역시 연수구 해돋이로6번길 33 (송도동,송도해모르상가 104호 지상1층)",뚜또피자,폐업,인천광역시 연수구 송도동 3-44번지 송도해모르상가 104호 지상1층 ,폐업,20110127,20150513,37.3889961,126.6565473
482,fastfood,black,"인천광역시 연수구 해돋이로 107 (송도동,더샵 1st 월드 H동 102호 (주)GS리테일 인천송도점 내 (지상1층))",바체티피자,폐업,인천광역시 연수구 송도동 4-1번지 더샵 1st 월드 H동 102호 (주)GS리테일 인천송도점 내 (지상1층) ,폐업,20101126,20140129,37.3910848,126.6480396
483,fastfood,black,"인천광역시 연수구 해돋이로6번길 33 (송도동,한진해모르(아)상가 102호 지상1층)",꼬치리아,폐업,인천광역시 연수구 송도동 3-44번지 한진해모르(아)상가 102호 지상1층 ,폐업,20110419,20130405,37.3889961,126.6565473
489,fastfood,black,"인천광역시 연수구 센트럴로 194, B동 지상1층 118,119,120,134호 (송도동, 더샵센트럴파크2)",버거킹 센트럴파크점,영업,"인천광역시 연수구 송도동 23-4번지 더샵센트럴파크2 118,119,120,134호 B동 ",운영중,20140307,,37.3946302,126.6407177
490,fastfood,black,"인천광역시 연수구 센트럴로 232, E동 지상1층 118,119,127호 (송도동, 더샵센트럴파크1)",파파이스 송도센트럴점,폐업,인천광역시 연수구 송도동 23-3번지 더샵센트럴파크1 E동 ,폐업,20131016,20131104,37.396669,126.6377988
491,fastfood,black,"인천광역시 연수구 아트센터대로 107, 301동 1층 103호 (송도동, 커넬워크D3)",뉴욕핫도그 앤 커피(송도커넬워크점),영업,인천광역시 연수구 송도동 18-1번지 커넬워크D3 301동 103호,운영중,20131023,,37.400886,126.6386
492,fastfood,black,"인천광역시 연수구 센트럴로 232, E동 1층 118,119,127호 (송도동, 더샵센트럴파크1)",파파이스 송도센트럴파크점,폐업,인천광역시 연수구 송도동 23-3번지 더샵센트럴파크1 E동 ,폐업,20131105,20150116,37.396669,126.6377988
493,fastfood,black,"인천광역시 연수구 송도미래로 30, C동 (송도동, 송도스마트밸리 103호 일부)",지에스 송도스마트밸리점,영업,인천광역시 연수구 송도동 214번지 송도스마트밸리 103호 일부 C동 ,운영중,20131126,,37.3659652,126.6483186
494,fastfood,black,"인천광역시 연수구 컨벤시아대로 177, 지상2층 (송도동, 롯데마트 송도점)",롯데리아 LM 송도점,폐업,인천광역시 연수구 송도동 6-11번지 롯데마트 송도점 지상2층 ,폐업,20131212,20171018,37.392921,126.646044
504,fastfood,black,"인천광역시 연수구 컨벤시아대로 50 (송도동, 송도푸르지오월드마크 1단지 120호)",피자에땅,폐업,인천광역시 연수구 송도동 20-22번지 송도푸르지오월드마크 1단지 120호 ,폐업,20120420,20171226,37.3979448,126.6513925
505,fastfood,black,"인천광역시 연수구 컨벤시아대로 80, 402동 지상1층 115,116호 (송도동, 인천송도힐스테이트)",도미노피자 송도점,영업,"인천광역시 연수구 송도동 21-60번지 인천송도힐스테이트 402동 115,116호 402동 115,1호",운영중,20120718,,37.395753,126.64898
509,fastfood,black,"인천광역시 연수구 송도과학로 13 (송도동, 송도사랑주유소 B동 지상1,2층)",버거킹 송도SKDT점,영업,"인천광역시 연수구 송도동 158-4번지 송도사랑주유소 B동 지상1,2층 ",운영중,20150129,,37.3804787,126.6618196
510,fastfood,black,"인천광역시 연수구 하모니로 128, C동 지상1,2층 (송도동, GS송도국제도시주유소)",맥도날드(송도지점),영업,"인천광역시 연수구 송도동 8-18번지 GS송도국제도시주유소 지상1,2층 C동 ",운영중,20140610,,37.3788938,126.6388452
512,fastfood,black,"인천광역시 연수구 신송로82번길 6, 지상1층 103호 (송도동, 풍림아이원아파트상가)",피자스쿨 송도점,영업,인천광역시 연수구 송도동 2-9번지 풍림아이원아파트상가 103호,운영중,20140402,,37.3932819,126.6574783
513,fastfood,black,"인천광역시 연수구 신송로 122, 지상1층 116호 (송도동, 송도프라자)",써브웨이 송도점(SUBWAY),영업,인천광역시 연수구 송도동 2-6번지 송도프라자 지상1층 116호,운영중,20140407,,37.3957141,126.6524444
515,fastfood,black,"인천광역시 연수구 해돋이로120번길 23 (송도동, 아크리아2 지상1층 109호일부(후면))",쏘자핫도그앤커피 송도점,영업,인천광역시 연수구 송도동 3-7번지 아크리아2 지상1층 109호일부(후면) ,운영중,20170718,,37.3941422,126.6508158
516,fastfood,black,"인천광역시 연수구 센트럴로 350 (송도동, 달빛축제공원내)",미스터피자 강남역점,폐업,인천광역시 연수구 송도동 26-1번지 달빛축제공원내 ,폐업,20170823,20170902,37.3943277,126.640779
517,fastfood,black,"인천광역시 연수구 송도국제대로 123 (송도동, 현대프리미엄아울렛 송도점 지하1층 일부)",서프독,폐업,인천광역시 연수구 송도동 168-1번지 현대프리미엄아울렛 송도점 지하1층 일부 ,폐업,20170802,20170808,37.3848777,126.6587343
518,fastfood,black,"인천광역시 연수구 신송로118번길 6, 지상1층 107호 (송도동, 송도풍림아이원아파트 상가동)",뉴욕 수제 도넛(DONUTS),영업,인천광역시 연수구 송도동 2-7번지 송도풍림아이원아파트 상가동 지상1층 107호,운영중,20170927,,37.3951622,126.6546971
519,fastfood,black,"인천광역시 연수구 컨벤시아대로 80, 402동 지상1층 113호 (송도동, 인천송도힐스테이트)",남자 피자(송도점),영업,인천광역시 연수구 송도동 21-60번지 인천송도힐스테이트 ,운영중,20170809,,37.395753,126.64898
520,fastfood,black,"인천광역시 연수구 송도과학로16번길 33-4, D동 지하1층 B101호 (송도동, 송도트리플스트리트)",맘스터치 트리플스트리트점,영업,인천광역시 연수구 송도동 176-5번지 송도트리플스트리트 D동 B101호,운영중,20170427,,37.3787776,126.6627003
521,fastfood,black,"인천광역시 연수구 센트럴로 350 (송도동, 달빛축제공원내)",롯데리아,폐업,인천광역시 연수구 송도동 26-1번지 달빛축제공원내 ,폐업,20170823,20170902,37.3943277,126.640779
522,gym,orange,"인천광역시 연수구 신송로125번길 7, 505호 (송도동, 이리옴프라자)",바른몸 피티,영업중,인천광역시 연수구 송도동 3-5번지 505호,운영중,20160908,,37.3948805,126.6515593
523,gym,orange,"인천광역시 연수구 송도과학로27번길 55, 캠퍼스타운상가 B동 3층 313호 (송도동, 롯데캐슬캠퍼스타운)",체인지 핏,영업중,인천광역시 연수구 송도동 149번지 ,운영중,20160706,,37.3880544,126.6651321
524,gym,orange,"인천광역시 연수구 아트센터대로 87, 401동 210호 (송도동, 커낼워크D4 WINTER)",바디119,영업중,,운영중,20160830,,37.4023457,126.6401683
525,gym,orange,"인천광역시 연수구 송도국제대로 157, 4층 403,404,405-1호 (송도동)",J-star 휘트니스,영업중,인천광역시 연수구 송도동 168-2번지 오네스타 ,운영중,20171208,,37.3848777,126.6587343
526,gym,orange,"인천광역시 연수구 신송로 122, 404호 (송도동, 송도프라자)",포레버핏,영업중,인천광역시 연수구 송도동 2-6번지 송도프라자 404호,운영중,20160217,,37.3957141,126.6524444
527,gym,orange,"인천광역시 연수구 신송로125번길 7, 5층 505호 (송도동)",시너지PT센터,폐업,인천광역시 연수구 송도동 3-5번지 이리옴프라자 505호,폐업 등,20150611,20160526,37.3948805,126.6515593
528,gym,orange,"인천광역시 연수구 첨단대로 80, 2층 (송도동, 레지던스라이크홈)",피트니스 맵(MAP),영업중,인천광역시 연수구 송도동 207-3번지 ,운영중,20170103,,37.3671515,126.6538259
529,gym,orange,"인천광역시 연수구 송도과학로27번길 55 (송도동, 롯데캐슬캠퍼스타운)",리버스 바디,영업중,인천광역시 연수구 송도동 149번지 캠퍼스타운애비뉴상가 3층 D동 302호,운영중,20160531,,37.3880544,126.6651321
530,gym,orange,"인천광역시 연수구 해돋이로 107, H동 3층 75호 (송도동, 송도더샵퍼스트월드)",하이키즈 스포츠 아카데미 송도점,영업중,인천광역시 연수구 송도동 4-1번지 H동 75호,운영중,20170502,,37.3910848,126.6480396
531,gym,orange,"인천광역시 연수구 컨벤시아대로 69  (송도동,송도밀레니엄빌딩 5층)",ABC스포츠센터,영업중,인천광역시 연수구 송도동 3-1번지 송도밀레니엄빌딩 5층 ,운영중,20060816,,37.3955795,126.6511239
532,gym,orange,"인천광역시 연수구 해돋이로120번길 23  (송도동,아크리아 Ⅱ 4층)",루시휘트니스 코리아,폐업,인천광역시 연수구 송도동 3-7번지 아크리아 Ⅱ 4층 ,폐업 등,20080725,20130912,37.3941422,126.6508158
533,gym,orange,"인천광역시 연수구 해돋이로 107, G동 상가129호 (송도동)",1st WELLNESS CENTER,영업중,인천광역시 연수구 송도동 4-1번지 G동 상가129호,운영중,20090713,,37.3910848,126.6480396
534,gym,orange,"인천광역시 연수구 컨벤시아대로 81 (송도동,드림시티  B63 ~ B68호)",초코렛 휘트니스,직권말소,인천광역시 연수구 송도동 3-2번지 드림시티  B63 ~ B68호 ,폐업 등,20101029,20180103,37.394591,126.6497562
535,gym,orange,"인천광역시 연수구 컨벤시아대로 69, 305호 (송도동, 밀레니엄빌딩)",커브스 송도클럽,영업중,인천광역시 연수구 송도동 3-1번지 305호,운영중,20110106,,37.3956611,126.6509535
536,gym,orange,"인천광역시 연수구 컨벤시아대로 69  (송도동,송도밀레니엄 6층 611호)",JH 퍼스널 트레이닝센터,영업중,인천광역시 연수구 송도동 3-1번지 송도밀레니엄 6층 611호 ,운영중,20110517,,37.3955795,126.6511239
537,gym,orange,"인천광역시 연수구 센트럴로 232 (송도동, 더샵센트럴파크1)",(주)파인웰니스,영업중,인천광역시 연수구 송도동 23-3번지 더샵센트럴파크1단지 E동 B01호,운영중,20120317,,37.3968551,126.6376186
538,gym,orange,"인천광역시 연수구 컨벤시아대로 81, 701,702호 (송도동)",(주)애플짐송도,영업중,"인천광역시 연수구 송도동 3-2번지 702,703호",운영중,20120601,,37.3949014,126.6501562
539,gym,orange,"인천광역시 연수구 신송로 166, 501호 (송도동, 플러스원프라자)",아인스 멀티짐,영업중,인천광역시 연수구 송도동 24-14번지 플러스원프라자 501호,운영중,20140721,,37.3954874,126.6521599
540,gym,orange,"인천광역시 연수구 컨벤시아대로42번길 12, 202동 201호 (송도동)",아이비 짐,폐업,인천광역시 연수구 송도동 15-11번지 202동 201호,폐업 등,20141015,20161011,37.399307,126.6514573
541,gym,orange,"인천광역시 연수구 해돋이로6번길 33, 관리동 지하1층 (송도동)",짐메이트 휘트니스,영업중,인천광역시 연수구 송도동 3-44번지 관리동 지하1층동 ,운영중,20141029,,37.3889919,126.658736
542,gym,orange,"인천광역시 연수구 하모니로 124, 601.602.604호 (송도동)",MEC센터 송도점,영업중,인천광역시 연수구 송도동 8-19번지 송도타운 601.602.604호 ,운영중,20141128,,37.3788938,126.6388452
543,gym,orange,"인천광역시 연수구 컨벤시아대로 165, 34,35층 (송도동, 동북아무역센터)",대우 INTL. 송도,영업중,인천광역시 연수구 송도동 6-10번지 ,운영중,20150303,,37.392921,126.646044
544,gym,orange,"인천광역시 연수구 해돋이로 168-7, 6층 603호 (송도동, 레드원프라자)",바디119,영업중,인천광역시 연수구 송도동 21-11번지 603호,운영중,20170628,,37.395914,126.645845
545,gym,orange,"인천광역시 연수구 해돋이로 168-15, 304호 (송도동, 글로벌시티프라자)",강남 메디피트,영업중,인천광역시 연수구 송도동 21-9번지 304호,운영중,20170927,,37.3962886,126.6461775
546,gym,orange,"인천광역시 연수구 인천타워대로 323, 상가동동 3층 314~316호 (송도동, 센트로드)",팀윤짐,영업중,인천광역시 연수구 송도동 30-3번지 센트로드 상가동 314~3호,운영중,20150522,,37.3994143,126.6297563
547,gym,orange,"인천광역시 연수구 테크노파크로 151, 4층 (송도동, 오라카이송도파크호텔)",오라카이 휘트니스,폐업,인천광역시 연수구 송도동 93-1번지 ,폐업 등,20160615,20160627,37.3880922,126.6407827
548,hospital,red,인천광역시 연수구 컨벤시아대로130번길 14 (송도동),플러스병원,영업중,,운영중,20150715,,37.3930369,126.6448037
549,hospital,red,"인천광역시 연수구 인천타워대로54번길 19 (송도동, 송도보건지소)",송도보건지소,영업중,,운영중,20140303,,37.3788896,126.6460929
550,hospital,red,"인천광역시 연수구 송도바이오대로 300, 복지동 3층 (송도동, 삼성바이오로직스)",삼성바이오부속의원,영업중,인천광역시 연수구 송도동 201번지 2호,운영중,20160425,,37.3672187,126.657991
551,hospital,red,"인천광역시 연수구 하모니로 124, 4층 (송도동)",헤스티아산후조리원,영업중,,운영중,20141223,,37.3788938,126.6388452
552,hospital,red,"인천광역시 연수구 인천타워대로54번길 13 (송도동,해승메디피아 1층 103호)",송도중앙약국,직권폐업,인천광역시 연수구 송도동 9번지 18호 해승메디피아 1층 103호,폐업 등,20090616,20090731,37.3791286,126.6463495
553,hospital,red,"인천광역시 연수구 하모니로36번길 1 (송도동,자인겔러리 104 105)",헬스원약국,직권폐업,인천광역시 연수구 송도동 3번지 22호 자인겔러리 104 105,폐업 등,20090624,20090731,37.3917559,126.6508643
554,hospital,red,"인천광역시 연수구 송도바이오대로 300 (송도동, 삼성바이오로직스)",송도바이오약국,영업중,,운영중,20160509,,37.3672187,126.657991
555,hospital,red,"인천광역시 연수구 송도문화로84번길 24, 209호 (송도동, 송도에듀포레푸르지오)",송도우리약국,영업중,,운영중,20170313,,37.3918673,126.6525059
556,hospital,red,"인천광역시 연수구 해돋이로 161, 105, 106호 (송도동, 세종프라자)",스마일약국,영업중,,운영중,20170223,,37.3909843,126.6508366
557,hospital,red,"인천광역시 연수구 해돋이로 167, 힐링플라자 103호 (송도동)",송도더사랑약국,영업중,인천광역시 연수구 송도동 22번지 2호 힐링플라자,운영중,20171212,,37.3909843,126.6508366
558,hospital,red,"인천광역시 연수구 송도국제대로 165, 지하1층 (송도동, 홈플러스 송도점)",송도B1약국,영업중,,운영중,20151012,,37.3803688,126.6558474
559,hospital,red,"인천광역시 연수구 센트럴로 160, 140, 141호 (송도동, 파크게이트 )",헬스원약국,영업중,,운영중,20090625,,37.3943277,126.640779
560,hospital,red,"인천광역시 연수구 신송로 122, 314호 (송도동, 송도프라자)",메디칼의림약국,영업중,,운영중,20070319,,37.3957141,126.6524444
561,hospital,red,"인천광역시 연수구 신송로 121, 406호 (송도동, 센터프라자)",센타약국,영업중,,운영중,20081015,,37.3952607,126.6518754
562,hospital,red,"인천광역시 연수구 해돋이로120번길 16, 106호 (송도동, 송도풍림아이원2단지아파트)",신도시약국,영업중,,운영중,20051005,,37.3933302,126.6519879
563,hospital,red,"인천광역시 연수구 컨벤시아대로 69, 4층 408호 (송도동, 밀레니엄빌딩)",송도건강온누리약국,영업중,,운영중,20060327,,37.3956611,126.6509535
564,hospital,red,"인천광역시 연수구 컨벤시아대로 81, B동 3층 301호 (송도동, 드림시티)",아이누리약국,영업중,,운영중,20110121,,37.3949014,126.6501562
565,hospital,red,"인천광역시 연수구 컨벤시아대로130번길 58, B동 1층 102호 (송도동, 자이하버뷰)",고려약국,영업중,,운영중,20110705,,37.3961966,126.641533
566,hospital,red,"인천광역시 연수구 인천타워대로54번길 13, 1층 103호 (송도동, 해승메디피아)",송도중앙약국,영업중,,운영중,20120102,,37.3791286,126.6463495
567,hospital,red,"인천광역시 연수구 해돋이로 102, 1층 103호 (송도동, 명인프라자)",뉴송도약국,영업중,,운영중,20121012,,37.3913707,126.6510564
568,hospital,red,"인천광역시 연수구 해돋이로 107, H동 8호 (송도동, 더�俟蚌뵈�월드)",송도신세계약국,영업중,,운영중,20131129,,37.3910848,126.6480396
569,hospital,red,"인천광역시 연수구 컨벤시아대로 177, 2층 (송도동, 롯데마트)",하늘약국,영업중,,운영중,20131216,,37.392921,126.646044
570,hospital,red,"인천광역시 연수구 송도문화로28번길 28, 203동 2층 208호 (송도동)",한마음약국,폐업,,폐업 등,20140203,20151123,37.3772435,126.6546055
571,hospital,red,"인천광역시 연수구 해돋이로 168, 1층 102호 (송도동, 혜인프라자)",송도365약국,폐업,,폐업 등,20140206,20170929,37.3909843,126.6508366
572,hospital,red,"인천광역시 연수구 신송로 121, 4층 409호 (송도동, 센타프라자)",비타민온누리약국,폐업,,폐업 등,20140306,20151031,37.3952607,126.6518754
573,hospital,red,"인천광역시 연수구 신송로 166, 1층 107호 (송도동, 플러스원프라자)",플러스약국,영업중,,운영중,20140813,,37.3954874,126.6521599
574,hospital,red,"인천광역시 연수구 신송로 166, 1층 103호 (송도동, 플러스원프라자)",자연애약국,폐업,,폐업 등,20140818,20160517,37.3954874,126.6521599
575,hospital,red,"인천광역시 연수구 송도문화로28번길 28, 204동 1층 119호 (송도동, 글로벌캠퍼스푸르지오)",global연세약국,영업중,,운영중,20150130,,37.3772435,126.6546055
576,hospital,red,"인천광역시 연수구 신송로125번길 7, 3층 304-1호 (송도동, 이리옴피라자)",스마일약국,폐업,,폐업 등,20150227,20150820,37.3948805,126.6515593
577,hospital,red,"인천광역시 연수구 컨벤시아대로130번길 14, 1층 108,109호 (송도동)",센트럴파크약국,영업중,,운영중,20150421,,37.3930369,126.6448037
578,hospital,red,"인천광역시 연수구 신송로 164, 1층 104호 (송도동, 아데니움프라자)",송도바른약국,영업중,,운영중,20150512,,37.3954874,126.6521599
579,hospital,red,"인천광역시 연수구 신송로125번길 7, 4층 408호 (송도동, 이리옴프라자)",중앙약국,영업중,,운영중,20150715,,37.3948805,126.6515593
580,hospital,red,"인천광역시 연수구 송도문화로28번길 28, 203동 208호 (송도동, 송도글로벌캠퍼스푸르지오)",한마음약국,폐업,,폐업 등,20151123,20160418,37.3772435,126.6546055
581,hospital,red,"인천광역시 연수구 송도과학로27번길 55, A동 311호 (송도동, 캠퍼스타운애비뉴)",송도캠퍼스약국,영업중,,운영중,20160531,,37.3880544,126.6651321
582,hospital,red,"인천광역시 연수구 해돋이로 168-15, 103호 (송도동, 글로벌시티프라자)",씨티온누리약국,영업중,,운영중,20171013,,37.3962886,126.6461775
583,hospital,red,"인천광역시 연수구 컨벤시아대로230번길 42, 송도아라플라자 102-1호 (송도동)",퍼스트약국,영업중,인천광역시 연수구 송도동 98번지 2호 송도아라플라자,운영중,20171226,,37.3902328,126.6311149
584,hospital,red,"인천광역시 연수구 해돋이로 168, 102호 (송도동, 혜인프라자)",서울온누리약국,영업중,,운영중,20170929,,37.3909843,126.6508366
585,hospital,red,"인천광역시 연수구 컨벤시아대로 165, 5층 (송도동, 동북아트레이드타워)",송도니트약국,영업중,,운영중,20170520,,37.392921,126.646044
586,hospital,red,"인천광역시 연수구 송도문화로28번길 28, 203동 208호 (송도동, 송도글로벌캠퍼스푸르지오)",한마음약국,영업중,,운영중,20160418,,37.3772435,126.6546055
587,hospital,red,"인천광역시 연수구 하모니로36번길 1, 104,105호 (송도동)",단비약국,폐업,,폐업 등,20151109,20160502,37.3915502,126.6512361
588,hospital,red,"인천광역시 연수구 송도과학로27번길 55, A동 107호 (송도동, 롯데캐슬캠퍼스타운)",캠퍼스메이플약국,영업중,,운영중,20170209,,37.3880544,126.6651321
589,hospital,red,"인천광역시 연수구 송도문화로84번길 24, 209호 (송도동, 송도에듀포레푸르지오)",송도우리약국,폐업,,폐업 등,20161024,20170313,37.3918673,126.6525059
590,hospital,red,"인천광역시 연수구 해돋이로 167, 103호 (송도동, 힐링플라자)",송도더사랑약국,폐업,,폐업 등,20160411,20171212,37.3909843,126.6508366
591,hospital,red,"인천광역시 연수구 컨벤시아대로130번길 14, 305호 (송도동, 송도 메디컬타워)",마에스트로박의원,영업중,,운영중,20151021,,37.3930369,126.6448037
592,hospital,red,"인천광역시 연수구 하모니로36번길 1, 3층 (송도동)",송도마취통증의학과의원,영업중,,운영중,20150720,,37.3915502,126.6512361
593,hospital,red,"인천광역시 연수구 신송로 165-14, 404호 (송도동, 더파라곤)",한양소아청소년과의원,영업중,인천광역시 연수구 송도동 21번지 4호,운영중,19950209,,37.3954916,126.6499712
594,hospital,red,"인천광역시 연수구 컨벤시아대로 165, 3층, 5층 (송도동, 동북아트레이드타워)",연수김안과의원,영업중,인천광역시 연수구 송도동 6번지 10호,운영중,19950419,,37.392921,126.646044
595,hospital,red,"인천광역시 연수구 신송로 122, 308호 (송도동, 송도프라자)",서울메디칼소아청소년과의원,영업중,송도동,운영중,20051129,,37.3957141,126.6524444
596,hospital,red,"인천광역시 연수구 신송로 121, 405호 (송도동, 센타프라자)",에코이비인후과의원,영업중,송도동,운영중,20060310,,37.3952607,126.6518754
597,hospital,red,"인천광역시 연수구 컨벤시아대로 69, 401,2,3,4,5호 (송도동, 송도밀레니엄)",PNC안과의원,영업중,송도동,운영중,20060314,,37.3956611,126.6509535
598,hospital,red,"인천광역시 연수구 컨벤시아대로 69, 4층 (송도동, 밀레니엄빌딩)",송도이.이.주내과의원,영업중,송도동,운영중,20060323,,37.3956611,126.6509535
599,hospital,red,"인천광역시 연수구 해돋이로 107 (송도동,송도더�� 퍼스트월드 4D동(H동) 73호)",서울헬스케어의원,폐업,인천광역시 연수구 송도동 4번지 1호 송도더�� 퍼스트월드 4D동(H동) 73호,폐업 등,20090313,20110302,37.3910848,126.6480396
600,hospital,red,"인천광역시 연수구 하모니로36번길 1, 3.4층 (송도동, 자앤갤러리)",송도정형외과.마취통증의학과의원,폐업,인천광역시 연수구 송도동 3번지 22호 자앤갤러리 3층,폐업 등,20090324,20150712,37.3915502,126.6512361
601,hospital,red,"인천광역시 연수구 컨벤시아대로 69, 4층 (송도동, 밀레니엄빌딩)",송도정형외과의원,영업중,인천광역시 연수구 송도동 3번지 1호 밀레니엄빌딩 4층 406호 407호,운영중,20091214,,37.3956611,126.6509535
602,hospital,red,인천광역시 연수구 해돋이로 102 (송도동),정부순의원,영업중,인천광역시 연수구 송도동 3번지 23호,운영중,20091224,,37.3913749,126.6488677
603,hospital,red,"인천광역시 연수구 인천타워대로54번길 13, 2층 (송도동, 헤승메디피아)",이화웰봄소아청소년과의원,영업중,인천광역시 연수구 송도동 9번지 18호 해승메디피아 201호,운영중,20091231,,37.3791286,126.6463495
604,hospital,red,"인천광역시 연수구 컨벤시아대로 69, 401호 (송도동, 밀레니엄빌딩)",송도스타피부과의원,영업중,인천광역시 연수구 송도동 3번지 1호 밀레니엄빌딩 410호,운영중,20100216,,37.3956611,126.6509535
605,hospital,red,"인천광역시 연수구 해돋이로 107, H동 76,77호 (송도동, 더샵퍼스트월드)",하얀나라피부과의원,영업중,"인천광역시 연수구 송도동 4번지 1호 더샵퍼스트월드 H동상가 76호, 77호",운영중,20100224,,37.3910848,126.6480396
606,hospital,red,"인천광역시 연수구 컨벤시아대로 69, 409호 (송도동, 밀레니엄빌딩)",코아이비인후과의원,영업중,인천광역시 연수구 송도동 3번지 1호 밀레니엄빌딩 409호,운영중,20100315,,37.3956611,126.6509535
607,hospital,red,"인천광역시 연수구 인천타워대로54번길 9, 505호 (송도동, 에몬스플라자)",세원정형외과의원,영업중,인천광역시 연수구 송도동 9번지 19호,운영중,20100623,,37.3788896,126.6460929
608,hospital,red,"인천광역시 연수구 컨벤시아대로 81, 302호 (송도동, 드림시티)",아이사랑소아청소년과의원,영업중,인천광역시 연수구 송도동 3번지 2호 드림시티 3층 302호,운영중,20110121,,37.3949014,126.6501562
609,hospital,red,"인천광역시 연수구 컨벤시아대로 69, 4층 411호 (송도동, 송도 밀레니엄)",연세소아청소년과의원,영업중,인천광역시 연수구 송도동 3번지 1호 밀레니엄 411호,운영중,20110128,,37.3956611,126.6509535
610,hospital,red,"인천광역시 연수구 컨벤시아대로 69, 5층 509호 (송도동, 송도밀레니엄)",미소지움피부과의원,영업중,인천광역시 연수구 송도동 3번지 1호 송도밀레미엄빌딩 5층 509호,운영중,20110321,,37.3956611,126.6509535
611,hospital,red,"인천광역시 연수구 신송로 121, 704호 (송도동, 센타프라자)",신피부과의원,영업중,인천광역시 연수구 송도동 3번지 4호 센타프라자 7층 704호,운영중,20110404,,37.3952607,126.6518754
612,hospital,red,"인천광역시 연수구 신송로 121 (송도동,센타프라자빌딩 7층 708호)",허브성형외과의원,폐업,인천광역시 연수구 송도동 3번지 4호 센타프라자빌딩 7층 708호,폐업 등,20110610,20110919,37.3954504,126.6516179
613,hospital,red,"인천광역시 연수구 컨벤시아대로 116 (송도동,대우월드마크 702동 2층 201호, 202호)",설레이는의원,영업중,"인천광역시 연수구 송도동 22번지 21호 대우월드마크 702동 2층 201호, 202호",운영중,20110802,,37.3932555,126.6462388
614,hospital,red,"인천광역시 연수구 신송로 122 (송도동,송도프라자 2층 201호)",미애로여성의원,폐업,인천광역시 연수구 송도동 2번지 6호 송도프라자 2층 201호,폐업 등,20110901,20120802,37.3957141,126.6524444
615,hospital,red,"인천광역시 연수구 신송로125번길 7, 4층 (송도동, 이리옴프라자)",연세최선내과의원,영업중,인천광역시 연수구 송도동 3번지 5호 두손이리옴프라자 4층,운영중,20110915,,37.3948805,126.6515593
616,hospital,red,"인천광역시 연수구 컨벤시아대로 69, 6층 608호 (송도동, 밀레니엄상가)",미앤아이의원,영업중,인천광역시 연수구 송도동 3번지 1호 밀레니엄상가 6층 608호,운영중,20110929,,37.3956611,126.6509535
617,hospital,red,"인천광역시 연수구 신송로 121 (송도동, 센타프라자 708호)",허브의원,폐업,,폐업 등,20111028,20140428,37.3954504,126.6516179
618,hospital,red,인천광역시 연수구 컨벤시아대로 81 (송도동),신비라인의원,영업중,인천광역시 연수구 송도동 3번지 2호 드림시티 3층 304호,운영중,20120119,,37.394591,126.6497562
619,hospital,red,"인천광역시 연수구 해돋이로 107, H동 3층 73호 (송도동, 더샵퍼스트월드)",송도그린의원,폐업,인천광역시 연수구 송도1동 4번지 1호 더샵퍼스트월드아파트 H동 73호,폐업 등,20120502,20170517,37.3910848,126.6480396
620,hospital,red,"인천광역시 연수구 신송로 122 (송도동,송도프라자 2층 201호)",송도여성의원,영업중,인천광역시 연수구 송도동 2번지 6호 송도프라자 2층 201호,운영중,20120802,,37.3957141,126.6524444
621,hospital,red,"인천광역시 연수구 컨벤시아대로 81, 312호 (송도동, 드림시티상가)",제이드비뇨기과의원,영업중,인천광역시 연수구 송도동 3번지 2호 드림시티빌딩 3층 312호,운영중,20120905,,37.3949014,126.6501562
622,hospital,red,인천광역시 연수구 하모니로 291 (송도동),의료법인 이원의료재단 이원의원,영업중,,운영중,20130208,,37.3788938,126.6388452
623,hospital,red,"인천광역시 연수구 센트럴로 263, 6층 (송도동, 아이비에스빌딩)",의료법인 루가의료재단 지안의원,영업중,인천광역시 연수구 송도동 29번지 13호 아이비에스빌딩 6~7층,운영중,20130208,,37.3982989,126.6337295
624,hospital,red,"인천광역시 연수구 컨벤시아대로 69 (송도동,밀레니엄상가 7층 706-1호)",라온정신건강의학과의원,영업중,인천광역시 연수구 송도동 3번지 1호 밀레니엄상가 7층 706-1호,운영중,20130225,,37.3955795,126.6511239
625,hospital,red,"인천광역시 연수구 해돋이로 107 (송도동,더샵퍼스트월드 H동상가 71-72호)",gsw마취통증의학과의원,영업중,인천광역시 연수구 송도동 4번지 1호 더샵퍼스트월드 H동상가 71-72호,운영중,20130228,,37.3910848,126.6480396
626,hospital,red,"인천광역시 연수구 해돋이로 161, 303, 304호 (송도동, 세종프라자)",송도미소소아청소년과의원,영업중,,운영중,20140121,,37.3909843,126.6508366
627,hospital,red,"인천광역시 연수구 해돋이로 168, 401호 (송도동, 혜인프라자)",송도센트럴이비인후과의원,영업중,,운영중,20140428,,37.3909843,126.6508366
628,hospital,red,"인천광역시 연수구 송도문화로28번길 28, 203동 210호 (송도동, 글로벌 캠퍼스푸르지오 상가)",글로벌송도의원,영업중,,운영중,20140507,,37.3772435,126.6546055
629,hospital,red,"인천광역시 연수구 신송로 121 (송도동, 센타프라자 708호)",송도아이비의원,영업중,인천광역시 연수구 송도동 3번지 4호 센타프라자 708호,운영중,20140512,,37.3954504,126.6516179
630,hospital,red,"인천광역시 연수구 신송로 166, 4층 (송도동, 플러스원프라자)",서울삼성내과의원,영업중,인천광역시 연수구 송도동 20번지 14호 플러스원플라자 4층,운영중,20140721,,37.3954874,126.6521599
631,hospital,red,"인천광역시 연수구 신송로 166 (송도동, 플러스원프라자3층)",연세플러스소아청소년과의원,영업중,인천광역시 연수구 송도동 20번지 14호 플러스원플라자 302호,운영중,20140801,,37.3954874,126.6521599
632,hospital,red,"인천광역시 연수구 신송로 166, 7층 (송도동, 플러스원프라자)",연세마이미의원,영업중,인천광역시 연수구 송도동 20번지 14호 플러스원플라자 701호,운영중,20140814,,37.3954874,126.6521599
633,hospital,red,"인천광역시 연수구 신송로 164, 5층 (송도동, 아데니움프라자)",바른나무신경외과의원,영업중,인천광역시 연수구 송도동 20번지 18호 아데니움프라자 501호,운영중,20141017,,37.3954874,126.6521599
634,hospital,red,"인천광역시 연수구 송도문화로28번길 28, 204동 201호 (송도동, 글로벌캠퍼스)",연세튼튼소아청소년과의원,영업중,인천광역시 연수구 송도동 190번지 2호 글로벌캠퍼스 4-201호,운영중,20150203,,37.3772435,126.6546055
635,hospital,red,"인천광역시 연수구 해돋이로120번길 16, 201호 (송도동, 송도신도시풍림아이원 2단지 상가)",송도내과의원,영업중,송도동,운영중,20050930,,37.3933302,126.6519879
636,hospital,red,"인천광역시 연수구 컨벤시아대로130번길 14, 4층 (송도동, 송도 메디컬타워)",영재소아청소년과의원,영업중,,운영중,20150930,,37.3930369,126.6448037
637,hospital,red,"인천광역시 연수구 테크노파크로 113, 5층 (송도동, 프리스페이스)",마음의원,폐업,,폐업 등,20150824,20151221,37.387223,126.6438262
638,hospital,red,"인천광역시 연수구 센트럴로 160, 2층 (송도동, 송도센트럴파크푸르지오)",동안드림의원,영업중,,운영중,20150824,,37.3943277,126.640779
639,hospital,red,"인천광역시 연수구 하모니로 124 (송도동, 송도타운 302호 일부)",사과나무정신건강의학과의원,영업중,,운영중,20160223,,37.3788938,126.6388452
640,hospital,red,"인천광역시 연수구 송도국제대로 165 (송도동, 홈플러스송도점 지하1층)",송도닥터스의원,영업중,,운영중,20151005,,37.3848777,126.6587343
641,hospital,red,"인천광역시 연수구 송도문화로84번길 24 (송도동, 송도에듀포레푸르지오)",오렌지소아청소년과의원,영업중,,운영중,20161012,,37.3918673,126.6525059
642,hospital,red,"인천광역시 연수구 컨벤시아대로 81, 704 (일부)호 (송도동, 드림시티)",비엘에스의원,영업중,,운영중,20170814,,37.3949014,126.6501562
643,hospital,red,"인천광역시 연수구 송도과학로27번길 55, A(301)동 307, 308호 (송도동, 롯데캐슬캠퍼스타운)",와이삼성이비인후과의원,영업중,,운영중,20160517,,37.3880544,126.6651321
644,hospital,red,"인천광역시 연수구 컨벤시아대로 81, 704호 (송도동, 드림시티)",시카고성형외과의원,폐업,,폐업 등,20161201,20170404,37.3949014,126.6501562
645,hospital,red,"인천광역시 연수구 컨벤시아대로 165, 4층 (송도동, 동북아트레이드타워)",송도외과의원,영업중,,운영중,20170515,,37.392921,126.646044
646,hospital,red,"인천광역시 연수구 컨벤시아대로 165, 6층 (송도동)",의료법인 정강의료재단 JK위드미의원,영업중,인천광역시 연수구 송도동 6번지 10호 포스코타워-송도,운영중,20151210,,37.392921,126.646044
647,hospital,red,"인천광역시 연수구 해돋이로 167, 2, 3층 (송도동, 힐링플라자)",송도연세정형외과의원,영업중,,운영중,20160404,,37.3909843,126.6508366
648,hospital,red,"인천광역시 연수구 컨벤시아대로 81, 704호 (송도동, 드림시티)",시카고성형외과의원,폐업,,폐업 등,20161102,20161121,37.3949014,126.6501562
649,hospital,red,"인천광역시 연수구 컨벤시아대로130번길 14 (송도동, 플러스메디타워 301,303호)",하늘안과의원,영업중,"인천광역시 연수구 송도동 22번지 19호 플러스메디타워 301,303호",운영중,20150515,,37.3930369,126.6448037
650,hospital,red,"인천광역시 연수구 컨벤시아대로130번길 14, 4층 (송도동, 플러스메디타워)",휴먼피부과의원,영업중,"인천광역시 연수구 송도동 22번지 19호 401,402호(플러스메디타운)",운영중,20150508,,37.3930369,126.6448037
651,hospital,red,"인천광역시 연수구 송도국제대로 157, 405호일부,406호,407호 (송도동)",오네스타의원,영업중,인천광역시 연수구 송도동 168번지 2호 오네스타,운영중,20171122,,37.3848777,126.6587343
652,hospital,red,"인천광역시 연수구 컨벤시아대로230번길 42, 송도아라플라자 302호 (송도동)",아라소아청소년과의원,영업중,인천광역시 연수구 송도동 98번지 2호 송도아라플라자,운영중,20171220,,37.3902328,126.6311149
653,hospital,red,"인천광역시 연수구 해돋이로 168-15, 402호 (송도동, 글로벌시티프라자)",송도속내과의원,영업중,,운영중,20171020,,37.3962886,126.6461775
654,hospital,red,"인천광역시 연수구 컨벤시아대로 81, 701,704호 (송도동, 드림시티)",SnC시카고치과병원,영업중,,운영중,20130614,,37.3949014,126.6501562
655,hospital,red,"인천광역시 연수구 컨벤시아대로 69, 415호 (송도동, 송도 밀레니엄)",22세기서울치과병원,영업중,,운영중,20171018,,37.3956611,126.6509535
656,hospital,red,인천광역시 연수구 컨벤시아대로 69 (송도동),22세기서울치과병원,정상, ,운영중,20171019,,37.3955795,126.6511239
657,hospital,red,"인천광역시 연수구 신송로 122, 309호 (송도동, 송도프라자)",송도한의원,폐업,,폐업 등,20170324,20171130,37.3957141,126.6524444
658,hospital,red,인천광역시 연수구 컨벤시아대로 81 (송도동),더율한의원,영업중,인천광역시 연수구 송도동 3번지 2호 드림시티 403호,운영중,20150309,,37.394591,126.6497562
659,hospital,red,"인천광역시 연수구 해돋이로 168, 203호 (송도동, 혜인프라자)",송도본한의원,영업중,,운영중,20160118,,37.3909843,126.6508366
660,hospital,red,"인천광역시 연수구 송도과학로27번길 55, A동 301, 302호 (송도동, 캠퍼스타운애비뉴상가)",캠퍼스타운한의원,영업중,,운영중,20160719,,37.3880544,126.6651321
661,hospital,red,"인천광역시 연수구 컨벤시아대로130번길 14 (송도동, 송도 메디컬타워)",김상호한의원,영업중,,운영중,20151102,,37.3930369,126.6448037
662,hospital,red,"인천광역시 연수구 컨벤시아대로 81 (송도동, 드림시티 325호, 326호)",미올한의원,영업중,,운영중,20160222,,37.394591,126.6497562
663,hospital,red,"인천광역시 연수구 신송로 166, 402호 (송도동, 플러스원프라자)",경희밝은맥한의원,영업중,,운영중,20160621,,37.3954874,126.6521599
664,hospital,red,"인천광역시 연수구 송도문화로28번길 28, 204동 202호 (송도동, 글로벌캠퍼스푸르지오상가)",건강드림한의원,영업중,,운영중,20140516,,37.3772435,126.6546055
665,hospital,red,"인천광역시 연수구 해돋이로 168-5, 2층 (송도동, 송정프라자)",지씨한의원,영업중,인천광역시 연수구 송도동 21번지 12호,운영중,20140828,,37.3956315,126.6454366
666,hospital,red,"인천광역시 연수구 컨벤시아대로42번길 8, 102동 210호 (송도동, 코오롱더프라우)",삼대한의원,폐업,인천광역시 연수구 송도동 15번지 12호,폐업 등,20130531,20161201,37.39876,126.6521595
667,hospital,red,"인천광역시 연수구 센트럴로 194, C동 216,217호 (송도동, 더 샵 센트럴파크2차상가)",송도단비한의원,영업중,인천광역시 연수구 송도동 23번지 4호 2차상가 C동 C2게이트 216호 C동 216호,운영중,20130814,,37.3946302,126.6407177
668,hospital,red,"인천광역시 연수구 컨벤시아대로 69, 307호 (송도동, 밀레니엄프라자)",지인한의원,영업중,인천광역시 연수구 송도동 3번지 1호 밀레니엄빌딩 3층 307호,운영중,20110607,,37.3956611,126.6509535
669,hospital,red,"인천광역시 연수구 인천타워대로54번길 9 (송도동,에몬스프라자빌딩 3층 304호)",경희다인한의원,영업중,인천광역시 연수구 송도동 9번지 19호 에몬스프라자빌딩 3층 304호,운영중,20120307,,37.3788896,126.6460929
670,hospital,red,"인천광역시 연수구 신송로 122, 3층 309호 (송도동, 송도프라자)",송도한의원,폐업,송도동,폐업 등,20051212,20161114,37.3957141,126.6524444
671,hospital,red,"인천광역시 연수구 신송로 121, 401호 (송도동, 센타프라자)",청담한의원,영업중,인천광역시 연수구 송도동 3번지 4호 센타프라자 4층 401호,운영중,20101122,,37.3952607,126.6518754
672,hospital,red,"인천광역시 연수구 센트럴로 232 (송도동, 더샵센트럴파크I E동 211호)",조은물한의원,영업중,인천광역시 연수구 송도동 23번지 3호 더샵센트럴파크I E동 211호,운영중,20101130,,37.3968551,126.6376186
673,hospital,red,"인천광역시 연수구 해돋이로 107, H동 69,70호 (송도동, 더샵퍼스트월드상가)",송도함소아한의원,영업중,"인천광역시 연수구 송도동 4번지 1호 송도더퍼스트월드 H동 3층 69호, 70호",운영중,20091201,,37.3910848,126.6480396
674,hospital,red,"인천광역시 연수구 신송로 153, 더 마란츠타워 507호 (송도동)",이레한의원,영업중,인천광역시 연수구 송도동 21번지 38호 더 마란츠타워,운영중,20080723,,37.3954874,126.6521599
675,hospital,red,"인천광역시 연수구 해돋이로 116, 3층 (송도동, 센트럴프라자)",코스비한의원,영업중,송도동,운영중,20051205,,37.3921695,126.6497592
676,hospital,red,"인천광역시 연수구 신송로125번길 7, 301-1호 (송도동, 이리옴프라자)",어울림한의원,영업중,송도동,운영중,20061127,,37.3948805,126.6515593
677,hospital,red,"인천광역시 연수구 해돋이로120번길 16, 204,205호 (송도동, 풍림아이원2단지상가)",무지개한의원,영업중,송도동,운영중,20071012,,37.3933302,126.6519879
678,hospital,red,"인천광역시 연수구 신송로 153, 더 마란츠타워 607호 (송도동)",자윤한의원,영업중,인천광역시 연수구 송도동 21번지 38호 더 마란츠타워,운영중,20171220,,37.3954874,126.6521599
679,hospital,red,"인천광역시 연수구 신송로 121, 206호 (송도동, 센타프라자)",수한의원,영업중,인천광역시 연수구 송도동 3번지 4호 송도센타프라자,운영중,20171129,,37.3952607,126.6518754
680,hospital,red,"인천광역시 연수구 송도국제대로 157, 오네스타 401호, 402호 (송도동)",아이누리한의원,영업중,인천광역시 연수구 송도동 168번지 2호 오네스타,운영중,20171219,,37.3848777,126.6587343
681,hospital,red,"인천광역시 연수구 인천타워대로54번길 15-5, 301호 (송도동, 송도북일프라자)",송도세명한의원,영업중,,운영중,20060310,,37.3793471,126.6460011
682,hospital,red,"인천광역시 연수구 송도문화로28번길 28, 203동 215호 (송도동, 송도글로벌캠퍼스푸르지오)",자연한의원,영업중,,운영중,20170616,,37.3772435,126.6546055
683,hospital,red,"인천광역시 연수구 해돋이로 107, 58~60호 (송도동, 더샵퍼스트월드h동)",인천송도리아한의원,영업중,인천광역시 연수구 송도동 4번지 1호 더샵퍼스트월드H동 58~60호,운영중,20150422,,37.3910848,126.6480396
684,hospital,red,"인천광역시 연수구 해돋이로 161, 204호 (송도동, 세종프라자)",솔봄한의원,영업중,,운영중,20170602,,37.3909843,126.6508366
685,karaoke,green,"인천광역시 연수구 컨벤시아대로 81, 2층 225호 (송도동, 드림시티)",로꼬코인노래연습장,영업중,인천광역시 연수구 송도동 3-2번지 드림시티 225호,운영중,20161229,,37.3949014,126.6501562
686,karaoke,green,"인천광역시 연수구 송도과학로27번길 55 (송도동, 롯데캐슬캠퍼스타운)",나인 노래연습장,영업중,"인천광역시 연수구 송도동 149번지 롯데캐슬캠퍼스타운 301동 206,7호",운영중,20160706,,37.3880544,126.6651321
687,karaoke,green,"인천광역시 연수구 신송로125번길 13, 2층 205호 (송도동, 아크리아)",COIN짱동전노래연습장,영업중,인천광역시 연수구 송도동 3-6번지 205호,운영중,20161201,,37.3944978,126.6511844
688,karaoke,green,"인천광역시 연수구 컨벤시아대로 69, 218호 (송도동, 송도 밀레니엄)",호우로꼬동전노래연습장,영업중,인천광역시 연수구 송도동 3-1번지 밀레니엄 218호,운영중,20170706,,37.3956611,126.6509535
689,karaoke,green,"인천광역시 연수구 해돋이로 110  (송도동,5층)",SM 노래연습장,폐업,인천광역시 연수구 송도동 3-27번지 5층 ,폐업,20060103,20121022,37.3918919,126.6502646
690,karaoke,green,인천광역시 연수구 해돋이로 108 (송도동),스타노래연습장,폐업,"인천광역시 연수구 송도동 3-26번지 세진2차 501호, 502호 ",폐업,20060228,20120807,37.3916074,126.6505117
691,karaoke,green,"인천광역시 연수구 인천타워대로54번길 3, 205호 (송도동)",메트로 노래연습장,영업중,인천광역시 연수구 송도동 9-26번지 메트로프라자 205호,운영중,20120702,,37.3785302,126.6456342
692,karaoke,green,"인천광역시 연수구 해돋이로 110, 5층 (송도동)",와와노래연습장,폐업,인천광역시 연수구 송도동 3-27번지 5층 ,폐업,20121102,20140814,37.3918135,126.6503008
693,karaoke,green,"인천광역시 연수구 센트럴로 232, D동 201호 (송도동, 센트럴파크1상가동)",센트럴 뮤직파크,영업중,인천광역시 연수구 송도동 23-3번지 센트럴파크1상가동 D동 201호,운영중,20130706,,37.396669,126.6377988
694,karaoke,green,"인천광역시 연수구 컨벤시아대로 69, 308호 (송도동, 밀레니엄상가)",쟁반 노래연습장,영업중,인천광역시 연수구 송도동 3-1번지 밀레니엄상가 308호,운영중,20141016,,37.3956611,126.6509535
695,movie,blue,"인천광역시 연수구 송도과학로16번길 33-4, 3~4층 (송도동, 송도트리플스트리트)",메가박스(주) 송도지점 제1관,영업중,인천광역시 연수구 송도동 176-5번지 송도트리플스트리트 ,운영중,20170428,,37.3787776,126.6627003
696,movie,blue,"인천광역시 연수구 송도과학로16번길 33-4, 3~4층 (송도동, 송도트리플스트리트)",메가박스(주) 송도지점 COMFORT 제2관,영업중,인천광역시 연수구 송도동 176-5번지 송도트리플스트리트 ,운영중,20170428,,37.3787776,126.6627003
697,movie,blue,"인천광역시 연수구 송도과학로16번길 33-4, 3~4층 (송도동, 송도트리플스트리트)",메가박스(주) 송도지점 제3관,영업중,인천광역시 연수구 송도동 176-5번지 송도트리플스트리트 ,운영중,20170428,,37.3787776,126.6627003
698,movie,blue,"인천광역시 연수구 송도과학로16번길 33-4, 3~4층 (송도동, 송도트리플스트리트)",메가박스(주) 송도지점 제4관,영업중,인천광역시 연수구 송도동 176-5번지 송도트리플스트리트 ,운영중,20170428,,37.3787776,126.6627003
699,movie,blue,"인천광역시 연수구 송도과학로16번길 33-4, 3~4층 (송도동, 송도트리플스트리트)",메가박스(주) 송도지점 제5관,영업중,인천광역시 연수구 송도동 176-5번지 송도트리플스트리트 ,운영중,20170428,,37.3787776,126.6627003
700,movie,blue,"인천광역시 연수구 송도과학로16번길 33-4, 3~4층 (송도동, 송도트리플스트리트)",메가박스(주) 송도지점 MX관,영업중,인천광역시 연수구 송도동 176-5번지 송도트리플스트리트 ,운영중,20170428,,37.3787776,126.6627003
701,movie,blue,"인천광역시 연수구 송도과학로16번길 33-4, 3~4층 (송도동, 송도트리플스트리트)",메가박스(주) 송도지점 제7관,영업중,인천광역시 연수구 송도동 176-5번지 송도트리플스트리트 ,운영중,20170428,,37.3787776,126.6627003
702,movie,blue,"인천광역시 연수구 송도과학로16번길 33-4 (송도동, 송도트리플스트리트)",메가박스(주) 송도지점 제8관,영업중,인천광역시 연수구 송도동 176-5번지 송도트리플스트리트 ,운영중,20170428,,37.3787776,126.6627003
